timestamp,frame,ego_speed,ego_acceleration,ego_jerk,ego_pos_x,ego_pos_y,ego_yaw,lead_speed,lead_acceleration,lead_target_speed,distance_headway,time_headway,relative_speed,ttc,throttle,brake,steer,longitudinal_control,control_mode,gear,lead_behavior_mode
0.0015,0,18.7009,-0.2116,0.0,-5.98,-106.19,89.78,18.6738,0.2722,20.0,42.99,2.3,0.0271,999.0,0.0,0.0,0.0,0.0,manual,0,fixed
0.0225,1,18.6903,-0.2114,0.0091,-5.98,-105.25,89.78,18.6862,0.2469,19.98,42.99,2.3,0.0041,999.0,0.0,0.0,0.0,0.0,manual,0,fixed
0.0557,2,18.6798,-0.2112,0.0046,-5.97,-104.32,89.78,18.697,0.216,19.96,42.99,2.3,-0.0172,999.0,0.0,0.0,0.0,0.0,manual,0,fixed
0.094,3,18.6692,-0.211,0.005,-5.97,-103.38,89.78,18.7061,0.1817,19.94,43.0,2.3,-0.0369,999.0,0.0,0.0,0.0,0.0,manual,0,fixed
0.1328,4,18.6587,-0.2109,0.003,-5.96,-102.45,89.78,18.7134,0.1461,19.92,43.0,2.3,-0.0547,999.0,0.0,0.0,0.0,0.0,manual,0,fixed
0.1546,5,18.6481,-0.2107,0.0087,-5.96,-101.52,89.78,18.7189,0.1102,19.9,43.0,2.31,-0.0708,999.0,0.0,0.0,0.0,0.0,manual,0,fixed
0.1952,6,18.6376,-0.2105,0.0047,-5.96,-100.59,89.78,18.7226,0.0749,19.88,43.01,2.31,-0.085,999.0,0.0,0.0,0.0,0.0,manual,0,fixed
0.2283,7,18.6271,-0.2103,0.0058,-5.95,-99.65,89.78,18.7249,0.0446,19.88,43.01,2.31,-0.0978,999.0,0.0,0.0,0.0,0.0,manual,0,fixed
0.2536,8,18.6166,-0.2102,0.006,-5.95,-98.72,89.78,18.7258,0.0189,19.86,43.02,2.31,-0.1092,999.0,0.0,0.0,0.0,0.0,manual,0,fixed
0.2958,9,18.6061,-0.21,0.0036,-5.95,-97.79,89.78,18.7253,-0.0108,19.82,43.02,2.31,-0.1192,999.0,0.0,0.0,0.0,0.0,manual,0,fixed
0.3205,10,18.5956,-0.2099,0.0062,-5.94,-96.86,89.78,18.7231,-0.0433,19.8,43.03,2.31,-0.1275,999.0,0.0,0.0,0.0,0.0,manual,0,fixed
0.3618,11,18.5851,-0.2097,0.0046,-5.94,-95.93,89.78,18.7195,-0.0725,19.78,43.03,2.32,-0.1344,999.0,0.0,0.0,0.0,0.0,manual,0,fixed
0.3865,12,18.5746,-0.2095,0.0062,-5.94,-95.0,89.78,18.7145,-0.0989,19.76,43.04,2.32,-0.1399,999.0,0.0,0.0,0.0,0.0,manual,0,fixed
0.4279,13,18.5641,-0.2094,0.0037,-5.93,-94.08,89.78,18.7084,-0.1227,19.74,43.05,2.32,-0.1442,999.0,0.0,0.0,0.0,0.0,manual,0,fixed
0.4525,14,18.5537,-0.2092,0.0093,-5.93,-93.15,89.78,18.7012,-0.1442,19.72,43.06,2.32,-0.1475,999.0,0.0,0.0,0.0,0.0,manual,0,fixed
0.4855,15,18.5432,-0.209,0.0035,-5.92,-92.22,89.78,18.693,-0.1637,19.7,43.06,2.32,-0.1498,999.0,0.0,0.0,0.0,0.0,manual,0,fixed
0.5185,16,18.5328,-0.2089,0.0058,-5.92,-91.29,89.78,18.6839,-0.1811,19.68,43.07,2.32,-0.1512,999.0,0.0,0.0,0.0,0.0,manual,0,fixed
0.5515,17,18.5224,-0.2087,0.0046,-5.92,-90.37,89.78,18.6741,-0.197,19.66,43.08,2.33,-0.1517,999.0,0.0,0.0,0.0,0.0,manual,0,fixed
0.5845,18,18.5119,-0.2085,0.0058,-5.91,-89.44,89.78,18.6635,-0.2112,19.64,43.09,2.33,-0.1516,999.0,0.0,0.0,0.0,0.0,manual,0,fixed
0.6175,19,18.5015,-0.2084,0.0035,-5.91,-88.52,89.78,18.6523,-0.224,19.62,43.09,2.33,-0.1508,999.0,0.0,0.0,0.0,0.0,manual,0,fixed
0.6595,20,18.4911,-0.2082,0.0045,-5.91,-87.59,89.78,18.6406,-0.2357,19.6,43.1,2.33,-0.1494,999.0,0.0,0.0,0.0,0.0,manual,0,fixed
0.6835,21,18.4807,-0.2081,0.0047,-5.9,-86.67,89.78,18.6283,-0.246,19.58,43.11,2.33,-0.1476,999.0,0.0,0.0,0.0,0.0,manual,0,fixed
0.7165,22,18.4703,-0.2079,0.0069,-5.9,-85.74,89.78,18.6155,-0.2555,19.56,43.12,2.33,-0.1452,999.0,0.0,0.0,0.0,0.0,manual,0,fixed
0.7495,23,18.4599,-0.2077,0.0046,-5.9,-84.82,89.78,18.6023,-0.2639,19.54,43.12,2.34,-0.1424,999.0,0.0,0.0,0.0,0.0,manual,0,fixed
0.7825,24,18.4495,-0.2075,0.0069,-5.89,-83.9,89.78,18.5887,-0.2715,19.52,43.13,2.34,-0.1392,999.0,0.0,0.0,0.0,0.0,manual,0,fixed
0.8155,25,18.4392,-0.2074,0.0035,-5.89,-82.98,89.78,18.5748,-0.2783,19.5,43.14,2.34,-0.1356,999.0,0.0,0.0,0.0,0.0,manual,0,fixed
0.8485,26,18.4288,-0.2072,0.0046,-5.88,-82.05,89.78,18.5606,-0.2846,19.48,43.14,2.34,-0.1317,999.0,0.0,0.0,0.0,0.0,manual,0,fixed
0.8805,27,18.4185,-0.2071,0.0048,-5.88,-81.13,89.78,18.5461,-0.2902,19.46,43.15,2.34,-0.1276,999.0,0.0,0.0,0.0,0.0,manual,0,fixed
0.9135,28,18.4081,-0.2069,0.0046,-5.88,-80.21,89.78,18.5313,-0.2952,19.44,43.16,2.34,-0.1232,999.0,0.0,0.0,0.0,0.0,manual,0,fixed
0.9548,29,18.3978,-0.2067,0.0046,-5.87,-79.29,89.78,18.5163,-0.2997,19.42,43.16,2.35,-0.1185,999.0,0.0,0.0,0.0,0.0,manual,0,fixed
0.9795,30,18.3875,-0.2066,0.0062,-5.87,-78.37,89.78,18.5011,-0.3038,19.4,43.17,2.35,-0.1137,999.0,0.0,0.0,0.0,0.0,manual,0,fixed
1.0125,31,18.3771,-0.2064,0.0046,-5.87,-77.45,89.78,18.4857,-0.3075,19.38,43.17,2.35,-0.1086,999.0,0.0,0.0,0.0,0.0,manual,0,fixed
1.0457,32,18.3668,-0.2062,0.0057,-5.86,-76.53,89.78,18.4702,-0.3107,19.36,43.18,2.35,-0.1034,999.0,0.0,0.0,0.0,0.0,manual,0,fixed
1.0785,33,18.3565,-0.206,0.0058,-5.86,-75.62,89.78,18.4545,-0.3137,19.34,43.18,2.35,-0.098,999.0,0.0,0.0,0.0,0.0,manual,0,fixed
1.15,34,18.3462,-0.2059,0.0016,-5.86,-74.7,89.78,18.4387,-0.3164,19.32,43.19,2.35,-0.0925,999.0,0.0,0.0,0.0,0.0,manual,0,fixed
1.1825,35,18.3359,-0.2058,0.0047,-5.85,-73.78,89.78,18.4228,-0.3188,19.3,43.19,2.36,-0.0868,999.0,0.0,0.0,0.0,0.0,manual,0,fixed
1.2155,36,18.3257,-0.2056,0.0058,-5.85,-72.87,89.78,18.4067,-0.321,19.28,43.2,2.36,-0.0811,999.0,0.0,0.0,0.0,0.0,manual,0,fixed
1.2485,37,18.3154,-0.2055,0.0035,-5.85,-71.95,89.78,18.3901,-0.3351,19.26,43.2,2.36,-0.0747,999.0,0.0,0.0,0.0,0.0,manual,0,fixed
1.2815,38,18.3051,-0.2052,0.0081,-5.84,-71.03,89.78,18.374,-0.3258,19.24,43.2,2.36,-0.0688,999.0,0.0,0.0,0.0,0.0,manual,0,fixed
1.3238,39,18.2949,-0.2052,0.0009,-5.84,-70.12,89.78,18.3577,-0.326,19.22,43.21,2.36,-0.0628,999.0,0.0,0.0,0.0,0.0,manual,0,fixed
1.3485,40,18.2846,-0.2049,0.0093,-5.83,-69.21,89.78,18.3413,-0.327,19.2,43.21,2.36,-0.0567,999.0,0.0,0.0,0.0,0.0,manual,0,fixed
1.3919,41,18.2744,-0.2048,0.0035,-5.83,-68.29,89.78,18.3249,-0.3283,19.18,43.21,2.36,-0.0505,999.0,0.0,0.0,0.0,0.0,manual,0,fixed
1.4145,42,18.2642,-0.2046,0.0068,-5.83,-67.38,89.78,18.3084,-0.3296,19.16,43.22,2.37,-0.0443,999.0,0.0,0.0,0.0,0.0,manual,0,fixed
1.4558,43,18.2539,-0.2045,0.0037,-5.82,-66.46,89.78,18.2919,-0.3307,19.14,43.22,2.37,-0.038,999.0,0.0,0.0,0.0,0.0,manual,0,fixed
1.4805,44,18.2437,-0.2043,0.0077,-5.82,-65.55,89.78,18.2753,-0.3317,19.12,43.22,2.37,-0.0316,999.0,0.0,0.0,0.0,0.0,manual,0,fixed
1.5135,45,18.2335,-0.2042,0.0035,-5.82,-64.64,89.78,18.2587,-0.3325,19.1,43.22,2.37,-0.0252,999.0,0.0,0.0,0.0,0.0,manual,0,fixed
1.5503,46,18.2233,-0.204,0.0052,-5.81,-63.73,89.78,18.242,-0.3333,19.08,43.22,2.37,-0.0187,999.0,0.0,0.0,0.0,0.0,manual,0,fixed
1.5858,47,18.2131,-0.2038,0.0054,-5.81,-62.82,89.78,18.2253,-0.334,19.06,43.22,2.37,-0.0122,999.0,0.0,0.0,0.0,0.0,manual,0,fixed
1.6125,48,18.2029,-0.2036,0.0057,-5.81,-61.91,89.78,18.2086,-0.3345,19.04,43.22,2.37,-0.0057,999.0,0.0,0.0,0.0,0.0,manual,0,fixed
1.6455,49,18.1928,-0.2035,0.0035,-5.8,-61.0,89.78,18.1919,-0.3352,19.02,43.22,2.38,0.0009,999.0,0.0,0.0,0.0,0.0,manual,0,fixed
1.6785,50,18.1826,-0.2034,0.0046,-5.8,-60.09,89.78,18.1751,-0.3356,19.0,43.22,2.38,0.0075,999.0,0.0,0.0,0.0,0.0,manual,0,fixed
1.7196,51,18.1724,-0.2032,0.0046,-5.8,-59.18,89.78,18.1583,-0.336,18.98,43.22,2.38,0.0142,999.0,0.0,0.0,0.0,0.0,manual,0,fixed
1.7445,52,18.1623,-0.203,0.0077,-5.79,-58.27,89.78,18.1415,-0.3365,18.96,43.22,2.38,0.0208,999.0,0.0,0.0,0.0,0.0,manual,0,fixed
1.7892,53,18.1521,-0.2029,0.0026,-5.79,-57.36,89.78,18.1246,-0.3368,18.94,43.22,2.38,0.0275,999.0,0.0,0.0,0.0,0.0,manual,0,fixed
1.8105,54,18.142,-0.2027,0.0072,-5.79,-56.46,89.78,18.1078,-0.3371,18.92,43.22,2.38,0.0342,999.0,0.0,0.0,0.0,0.0,manual,0,fixed
1.8517,55,18.1319,-0.2025,0.0046,-5.78,-55.55,89.78,18.0909,-0.3374,18.9,43.22,2.38,0.041,999.0,0.0,0.0,0.0,0.0,manual,0,fixed
1.8755,56,18.1218,-0.2024,0.0064,-5.78,-54.64,89.78,18.0742,-0.334,18.9,43.21,2.38,0.0476,908.37,0.0,0.0,0.0,0.0,manual,0,fixed
1.9085,57,18.1117,-0.2022,0.0058,-5.77,-53.74,89.78,18.0576,-0.3313,18.86,43.21,2.39,0.054,799.75,0.0,0.0,0.0,0.0,manual,0,fixed
1.9447,58,18.1015,-0.2021,0.0032,-5.77,-52.83,89.78,18.0409,-0.3339,18.84,43.21,2.39,0.0606,712.76,0.0,0.0,0.0,0.0,manual,0,fixed
1.9829,59,18.0915,-0.2019,0.004,-5.77,-51.93,89.78,18.0243,-0.332,18.84,43.21,2.39,0.0671,643.63,0.0,0.0,0.0,0.0,manual,0,fixed
2.0075,60,18.0814,-0.2018,0.0062,-5.76,-51.02,89.78,18.008,-0.3268,18.82,43.2,2.39,0.0734,588.73,0.0,0.0,0.0,0.0,manual,0,fixed
2.0405,61,18.0713,-0.2016,0.0058,-5.76,-50.12,89.78,17.9916,-0.3272,18.78,43.2,2.39,0.0797,542.25,0.0,0.0,0.0,0.0,manual,0,fixed
2.0735,62,18.0612,-0.2014,0.0058,-5.76,-49.22,89.78,17.975,-0.3318,18.76,43.19,2.39,0.0862,501.17,0.0,0.0,0.0,0.0,manual,0,fixed
2.1106,63,18.0512,-0.2013,0.0031,-5.75,-48.31,89.78,17.9583,-0.3352,18.74,43.19,2.39,0.0929,464.99,0.0,0.0,0.0,0.0,manual,0,fixed
2.1479,64,18.0411,-0.2012,0.0031,-5.75,-47.41,89.78,17.9416,-0.334,18.74,43.18,2.39,0.0995,433.91,0.0,0.0,0.0,0.0,manual,0,fixed
2.1804,65,18.0311,-0.2009,0.0071,-5.75,-46.51,89.78,17.9249,-0.3328,18.7,43.18,2.39,0.1061,406.91,0.0,0.0,0.0,0.0,manual,0,fixed
2.2055,66,18.021,-0.2008,0.0061,-5.74,-45.61,89.78,17.9083,-0.3327,18.7,43.17,2.4,0.1127,383.05,0.0,0.0,0.0,0.0,manual,0,fixed
2.2494,67,18.011,-0.2006,0.0035,-5.74,-44.71,89.78,17.8917,-0.3321,18.66,43.17,2.4,0.1193,361.88,0.0,0.0,0.0,0.0,manual,0,fixed
2.2715,68,18.001,-0.2005,0.0052,-5.74,-43.81,89.78,17.8749,-0.3361,18.64,43.16,2.4,0.1261,342.37,0.0,0.0,0.0,0.0,manual,0,fixed
2.3093,69,17.9909,-0.2003,0.004,-5.73,-42.91,89.78,17.8579,-0.3389,18.62,43.16,2.4,0.133,324.49,0.0,0.0,0.0,0.0,manual,0,fixed
2.3466,70,17.9809,-0.2002,0.0051,-5.73,-42.01,89.78,17.8409,-0.3408,18.6,43.15,2.4,0.14,308.15,0.0,0.0,0.0,0.0,manual,0,fixed
2.3715,71,17.9709,-0.2,0.0061,-5.73,-41.11,89.78,17.8238,-0.3421,18.58,43.14,2.4,0.1471,293.22,0.0,0.0,0.0,0.0,manual,0,fixed
2.4157,72,17.9609,-0.1999,0.0035,-5.72,-40.21,89.78,17.8067,-0.3429,18.56,43.13,2.4,0.1543,279.58,0.0,0.0,0.0,0.0,manual,0,fixed
2.4375,73,17.951,-0.1997,0.007,-5.72,-39.31,89.78,17.7897,-0.3397,18.56,43.13,2.4,0.1613,267.4,0.0,0.0,0.0,0.0,manual,0,fixed
2.4789,74,17.941,-0.1995,0.0037,-5.71,-38.42,89.78,17.7728,-0.337,18.52,43.12,2.4,0.1682,256.42,0.0,0.0,0.0,0.0,manual,0,fixed
2.5041,75,17.931,-0.1994,0.0076,-5.71,-37.52,89.78,17.756,-0.3358,18.52,43.11,2.4,0.175,246.37,0.0,0.0,0.0,0.0,manual,0,fixed
2.5449,76,17.921,-0.1992,0.0028,-5.71,-36.62,89.78,17.7393,-0.3345,18.48,43.1,2.4,0.1817,237.16,0.0,0.0,0.0,0.0,manual,0,fixed
2.5696,77,17.9111,-0.1991,0.0077,-5.7,-35.73,89.78,17.7224,-0.3378,18.46,43.09,2.41,0.1887,228.39,0.0,0.0,0.0,0.0,manual,0,fixed
2.6108,78,17.9011,-0.1989,0.0037,-5.7,-34.83,89.78,17.7054,-0.34,18.44,43.08,2.41,0.1957,220.11,0.0,0.0,0.0,0.0,manual,0,fixed
2.6356,79,17.8912,-0.1988,0.0046,-5.7,-33.94,89.78,17.6883,-0.3419,18.42,43.07,2.41,0.2029,212.31,0.0,0.0,0.0,0.0,manual,0,fixed
2.6769,80,17.8813,-0.1986,0.0037,-5.69,-33.04,89.78,17.6712,-0.3434,18.4,43.06,2.41,0.2101,204.99,0.0,0.0,0.0,0.0,manual,0,fixed
2.7016,81,17.8714,-0.1985,0.0062,-5.69,-32.15,89.78,17.6541,-0.3445,18.38,43.05,2.41,0.2173,198.12,0.0,0.0,0.0,0.0,manual,0,fixed
2.7428,82,17.8614,-0.1983,0.0056,-5.69,-31.26,89.78,17.6369,-0.3451,18.36,43.04,2.41,0.2246,191.66,0.0,0.0,0.0,0.0,manual,0,fixed
2.7758,83,17.8516,-0.2816,-2.5238,-5.68,-30.36,89.78,17.6197,-0.3452,18.34,43.03,2.41,0.2319,185.57,0.0,0.0,0.0,0.0,manual,0,fixed
2.8006,84,17.8416,-0.2945,-0.5234,-5.68,-29.47,89.78,17.6025,-0.345,18.32,43.02,2.41,0.2391,179.93,0.0,0.0,0.0,0.0,manual,0,fixed
2.8419,85,17.8318,-0.1965,2.3703,-5.68,-28.58,89.78,17.5854,-0.3445,18.3,43.0,2.41,0.2464,174.51,0.0,0.0,0.0,0.0,manual,0,fixed
2.8741,86,17.8219,-0.1981,-0.0487,-5.67,-27.69,89.78,17.5684,-0.3405,18.3,42.99,2.41,0.2535,169.59,0.0,0.0,0.0,0.0,manual,0,fixed
2.9019,87,17.812,-0.1975,0.0211,-5.67,-26.8,89.78,17.5516,-0.3371,18.26,42.98,2.41,0.2604,165.02,0.0,0.0,0.0,0.0,manual,0,fixed
2.939,88,17.8021,-0.1974,0.0024,-5.67,-25.91,89.78,17.5347,-0.3389,18.24,42.96,2.41,0.2675,160.62,0.0,0.0,0.0,0.0,manual,0,fixed
2.9714,89,17.7923,-0.1972,0.0061,-5.66,-25.02,89.78,17.5177,-0.3401,18.22,42.95,2.41,0.2746,156.41,0.0,0.0,0.0,0.0,manual,0,fixed
2.9976,90,17.7824,-0.197,0.0074,-5.66,-24.13,89.78,17.5006,-0.3409,18.2,42.94,2.41,0.2818,152.37,0.0,0.0,0.0,0.0,manual,0,fixed
3.0384,91,17.7726,-0.1969,0.0028,-5.66,-23.24,89.78,17.4836,-0.3414,18.18,42.92,2.42,0.289,148.52,0.0,0.0,0.0,0.0,manual,0,fixed
3.0717,92,17.7629,-0.7128,-15.4817,-5.65,-22.35,89.78,17.4665,-0.3416,18.16,42.91,2.42,0.2964,144.75,0.0,0.0,0.0,0.0,manual,0,fixed
3.0965,93,17.7528,-0.7705,-2.3275,-5.65,-21.46,89.79,17.4494,-0.3418,18.14,42.89,2.42,0.3034,141.38,0.0,0.0,0.0,0.0,manual,0,fixed
3.138,94,17.7433,-0.1996,13.7619,-5.65,-20.58,89.8,17.4323,-0.3416,18.12,42.88,2.42,0.3109,137.89,0.0,0.0,0.0,0.0,manual,0,fixed
3.1709,95,17.7334,-0.2011,-0.0472,-5.64,-19.69,89.8,17.4153,-0.3416,18.1,42.86,2.42,0.3181,134.73,0.0,0.0,0.0,0.0,manual,0,fixed
3.1956,96,17.7236,-0.198,0.1282,-5.64,-18.8,89.8,17.3982,-0.3414,18.08,42.85,2.42,0.3254,131.67,0.0,0.0,0.0,0.0,manual,0,fixed
3.2369,97,17.7138,-0.1972,0.0189,-5.64,-17.92,89.8,17.3811,-0.3413,18.06,42.83,2.42,0.3327,128.75,0.05,0.0,0.0,0.05,manual,0,fixed
3.2698,98,17.704,-0.1959,0.04,-5.63,-17.03,89.8,17.3641,-0.3411,18.04,42.81,2.42,0.3399,125.94,0.1,0.0,0.0,0.1,manual,0,fixed
3.3012,99,17.6942,-0.1966,-0.0238,-5.63,-16.15,89.8,17.3471,-0.3408,18.02,42.8,2.42,0.3472,123.27,0.15,0.0,0.0,0.15,manual,0,fixed
3.3286,100,17.6844,-0.1958,0.0314,-5.63,-15.26,89.8,17.33,-0.3406,18.0,42.78,2.42,0.3544,120.7,0.2,0.0,0.0,0.2,manual,0,fixed
3.3675,101,17.6747,-0.1955,0.006,-5.62,-14.38,89.8,17.3132,-0.3368,18.0,42.76,2.42,0.3615,118.29,0.25,0.0,0.0,0.25,manual,0,fixed
3.4029,102,17.6649,-0.1953,0.0062,-5.62,-13.49,89.8,17.2969,-0.3265,18.0,42.74,2.42,0.368,116.13,0.3,0.0,0.0,0.3,manual,0,fixed
3.4275,103,17.6552,-0.1951,0.0076,-5.62,-12.61,89.8,17.2813,-0.312,18.0,42.72,2.42,0.3739,114.26,0.35,0.0,0.0,0.35,manual,0,fixed
3.4659,104,17.6454,-0.195,0.0035,-5.61,-11.73,89.8,17.2665,-0.2952,18.0,42.7,2.42,0.3789,112.7,0.4,0.0,0.0,0.4,manual,0,fixed
3.5017,105,17.6357,-0.1948,0.0067,-5.61,-10.85,89.8,17.2527,-0.2769,18.0,42.68,2.42,0.383,111.44,0.45,0.0,0.0,0.45,manual,0,fixed
3.5266,106,17.6259,-0.1946,0.0048,-5.61,-9.97,89.8,17.2397,-0.2582,18.0,42.67,2.42,0.3862,110.48,0.5,0.0,0.0,0.5,manual,0,fixed
3.5679,107,17.6162,-0.1945,0.0038,-5.6,-9.08,89.8,17.2278,-0.2396,18.0,42.65,2.42,0.3884,109.79,0.55,0.0,0.0,0.55,manual,0,fixed
3.5926,108,17.6065,-0.1944,0.0047,-5.6,-8.2,89.8,17.2167,-0.2213,18.0,42.63,2.42,0.3898,109.36,0.6,0.0,0.0,0.6,manual,0,fixed
3.6339,109,17.5968,-0.1941,0.0056,-5.6,-7.32,89.8,17.2065,-0.204,18.0,42.61,2.42,0.3903,109.17,0.65,0.0,0.0,0.65,manual,0,fixed
3.6656,110,17.5871,-0.1941,0.0024,-5.6,-6.44,89.8,17.1971,-0.1874,18.0,42.59,2.42,0.39,109.21,0.7,0.0,0.0,0.7,manual,0,fixed
3.6916,111,17.5774,-0.1939,0.0044,-5.59,-5.57,89.8,17.1885,-0.1718,18.0,42.57,2.42,0.3888,109.47,0.75,0.0,0.0,0.75,manual,0,fixed
3.7328,112,17.314,-5.2682,-123.1674,-5.59,-4.69,89.8,17.1807,-0.1573,18.0,42.55,2.46,0.1333,319.2,0.8,0.0,0.0,0.8,manual,0,fixed
3.7576,113,16.4696,-16.8869,-469.0427,-5.59,-3.85,89.8,17.1735,-0.1438,18.0,42.57,2.58,-0.7038,999.0,0.85,0.0,0.0,0.85,manual,0,fixed
3.7943,114,15.7505,-14.3837,68.1716,-5.58,-3.05,89.8,17.1669,-0.1313,18.0,42.63,2.71,-1.4165,999.0,0.9,0.0,0.0,0.9,manual,0,fixed
3.8334,115,15.2259,-10.4914,99.6447,-5.58,-2.28,89.8,17.1609,-0.1199,18.0,42.72,2.81,-1.935,999.0,0.95,0.0,0.0,0.95,manual,0,fixed
3.8567,116,14.7025,-10.4683,0.9897,-5.58,-1.54,89.8,17.1555,-0.1093,18.0,42.83,2.91,-2.453,999.0,1.0,0.0,0.0,1.0,manual,0,fixed
3.8971,117,14.2552,-8.9452,37.6794,-5.58,-0.81,89.8,17.1505,-0.0996,18.0,42.97,3.01,-2.8953,999.0,1.0,0.0,0.0,1.0,manual,0,fixed
3.9216,118,13.7286,-10.5321,-64.8143,-5.57,-0.12,89.8,17.1459,-0.0908,18.0,43.13,3.14,-3.4173,999.0,1.0,0.0,0.0,1.0,manual,0,fixed
3.963,119,13.1219,-12.1332,-38.7215,-5.57,0.55,89.8,17.1418,-0.0825,18.0,43.32,3.3,-4.0199,999.0,1.0,0.0,0.0,1.0,manual,0,fixed
3.9876,120,12.6649,-9.1417,121.3849,-5.57,1.19,89.8,17.1381,-0.0752,18.0,43.53,3.44,-4.4732,999.0,1.0,0.0,0.0,1.0,manual,0,fixed
4.0253,121,12.7347,1.3967,279.7416,-5.57,1.83,89.8,17.1346,-0.0684,18.0,43.75,3.44,-4.3999,999.0,1.0,0.0,0.0,1.0,manual,0,fixed
4.0588,122,12.645,-1.7938,-95.1523,-5.57,2.46,89.8,17.1315,-0.0623,18.0,43.97,3.48,-4.4865,999.0,1.0,0.0,0.0,1.0,manual,0,fixed
4.0949,123,13.1564,10.2288,333.2653,-5.56,3.11,89.8,17.1287,-0.0566,18.0,44.18,3.36,-3.9722,999.0,1.0,0.0,0.0,1.0,manual,0,fixed
4.1261,124,13.6245,9.3615,-27.8161,-5.56,3.78,89.8,17.1261,-0.0515,18.0,44.37,3.26,-3.5016,999.0,1.0,0.0,0.0,1.0,manual,0,fixed
4.1526,125,14.0365,8.2398,-42.2211,-5.56,4.48,89.8,17.1238,-0.0469,18.0,44.53,3.17,-3.0873,999.0,1.0,0.0,0.0,1.0,manual,0,fixed
4.1915,126,14.4088,7.4455,-20.4336,-5.56,5.19,89.8,17.1216,-0.0426,18.0,44.67,3.1,-2.7129,999.0,1.0,0.0,0.0,1.0,manual,0,fixed
4.2268,127,14.753,6.8848,-15.8728,-5.55,5.92,89.8,17.1197,-0.0386,18.0,44.8,3.04,-2.3667,999.0,1.0,0.0,0.0,1.0,manual,0,fixed
4.2599,128,15.0772,6.4835,-12.1382,-5.55,6.67,89.8,17.1179,-0.0352,18.0,44.91,2.98,-2.0408,999.0,1.0,0.0,0.0,1.0,manual,0,fixed
4.2856,129,15.3866,6.1888,-11.4448,-5.55,7.43,89.8,17.1163,-0.032,18.0,45.0,2.92,-1.7297,999.0,1.0,0.0,0.0,1.0,manual,0,fixed
4.3285,130,15.6849,5.9648,-5.2284,-5.55,8.21,89.8,17.1149,-0.0291,18.0,45.08,2.87,-1.43,999.0,1.0,0.0,0.0,1.0,manual,0,fixed
4.3516,131,15.7618,1.5394,-191.1602,-5.54,9.0,89.8,17.1136,-0.0264,18.0,45.14,2.86,-1.3517,999.0,1.0,0.0,0.0,1.0,manual,0,fixed
4.3929,132,15.7715,0.1921,-32.6063,-5.54,9.79,89.8,17.1124,-0.024,18.0,45.21,2.87,-1.3409,999.0,1.0,0.0,0.0,1.0,manual,0,fixed
4.4177,133,16.0009,4.5894,177.6519,-5.54,10.58,89.8,17.1113,-0.0219,18.0,45.27,2.83,-1.1104,999.0,1.0,0.0,0.0,1.0,manual,0,fixed
4.4589,134,16.4934,9.8496,127.8111,-5.54,11.39,89.8,17.1103,-0.0199,18.0,45.31,2.75,-0.6169,999.0,1.0,0.0,0.0,1.0,manual,0,fixed
4.4906,135,16.9009,8.1505,-53.5742,-5.53,12.23,89.8,17.1094,-0.0181,18.0,45.33,2.68,-0.2084,999.0,1.0,0.0,0.0,1.0,manual,0,fixed
4.5165,136,17.2501,6.9831,-44.9606,-5.53,13.09,89.8,17.1086,-0.0164,18.0,45.33,2.63,0.1415,320.3,1.0,0.0,0.0,1.0,manual,0,fixed
4.558,137,17.5597,6.1931,-19.0746,-5.53,13.96,89.8,17.1078,-0.015,18.0,45.32,2.58,0.4519,100.27,1.0,0.0,0.0,1.0,manual,0,fixed
4.5826,138,17.8429,5.6629,-21.5312,-5.52,14.85,89.8,17.1071,-0.0135,18.0,45.28,2.54,0.7358,61.55,1.0,0.0,0.0,1.0,manual,0,fixed
4.6239,139,18.1083,5.3081,-8.586,-5.52,15.75,89.8,17.1065,-0.0124,18.0,45.24,2.5,1.0018,45.16,1.0,0.0,0.0,1.0,manual,0,fixed
4.6486,140,18.3618,5.0711,-9.5848,-5.52,16.66,89.8,17.106,-0.0113,18.0,45.18,2.46,1.2559,35.98,1.0,0.0,0.0,1.0,manual,0,fixed
4.69,141,18.5331,3.4259,-39.7344,-5.51,17.58,89.8,17.1054,-0.0102,18.0,45.11,2.43,1.4277,31.6,1.0,0.0,0.0,1.0,manual,0,fixed
4.7146,142,18.5322,-0.0184,-140.2924,-5.51,18.51,89.8,17.1084,0.0703,18.0,45.04,2.43,1.4238,31.63,1.0,0.0,0.0,1.0,manual,0,fixed
4.7475,143,18.5209,-0.2257,-6.2995,-5.51,19.44,89.8,17.108,-0.0224,18.0,44.97,2.43,1.4129,31.83,1.0,0.0,0.0,1.0,manual,0,fixed
4.7893,144,18.8614,6.8085,168.3482,-5.5,20.37,89.8,17.1073,-0.0216,18.0,44.89,2.38,1.754,25.59,1.0,0.0,0.0,1.0,manual,0,fixed
4.8136,145,19.1318,5.4082,-57.7061,-5.5,21.33,89.8,17.1067,-0.015,18.0,44.79,2.34,2.0251,22.12,1.0,0.0,0.0,1.0,manual,0,fixed
4.8497,146,19.366,4.6852,-20.0179,-5.5,22.29,89.8,17.1061,-0.0122,18.0,44.68,2.31,2.2599,19.77,1.0,0.0,0.0,1.0,manual,0,fixed
4.8855,147,19.5769,4.2174,-13.0533,-5.49,23.26,89.8,17.1056,-0.0107,18.0,44.57,2.28,2.4713,18.03,1.0,0.0,0.0,1.0,manual,0,fixed
4.9199,148,19.7726,3.9147,-8.7937,-5.49,24.25,89.8,17.1051,-0.0097,18.0,44.44,2.25,2.6675,16.66,1.0,0.0,0.0,1.0,manual,0,fixed
4.9446,149,19.9586,3.7186,-7.9426,-5.49,25.24,89.8,17.1047,-0.0088,18.0,44.3,2.22,2.8539,15.52,1.0,0.0,0.0,1.0,manual,0,fixed
4.985,150,20.1381,3.5912,-3.1521,-5.48,26.25,89.8,17.1043,-0.0079,18.0,44.15,2.19,3.0338,14.55,1.0,0.0,0.0,1.0,manual,0,fixed
5.0159,151,20.3135,3.5081,-2.6917,-5.48,27.26,89.8,17.1039,-0.0072,18.0,43.99,2.17,3.2096,13.71,1.0,0.0,0.0,1.0,manual,0,fixed
5.0436,152,20.4862,3.4534,-1.9751,-5.48,28.28,89.8,17.1036,-0.0066,18.0,43.83,2.14,3.3826,12.96,1.0,0.0,0.0,1.0,manual,0,fixed
5.0852,153,20.6571,3.417,-0.8753,-5.47,29.31,89.8,17.1033,-0.006,18.0,43.65,2.11,3.5537,12.28,1.0,0.0,0.0,1.0,manual,0,fixed
5.1096,154,20.8267,3.3923,-1.0098,-5.47,30.35,89.8,17.103,-0.0054,18.0,43.47,2.09,3.7236,11.67,1.0,0.0,0.0,1.0,manual,0,fixed
5.1509,155,20.9954,3.3753,-0.4124,-5.47,31.39,89.8,17.1028,-0.005,18.0,43.28,2.06,3.8926,11.12,1.0,0.0,0.0,1.0,manual,0,fixed
5.1813,156,21.1636,3.3632,-0.3976,-5.46,32.45,89.8,17.1026,-0.0045,18.0,43.08,2.04,4.061,10.61,1.0,0.0,0.0,1.0,manual,0,fixed
5.2156,157,21.3313,3.3542,-0.2631,-5.46,33.51,89.8,17.1024,-0.0041,18.0,42.87,2.01,4.2289,10.14,1.0,0.0,0.0,1.0,manual,0,fixed
5.2499,158,21.4987,3.3472,-0.2028,-5.46,34.58,89.8,17.1022,-0.0037,18.0,42.65,1.98,4.3965,9.7,1.0,0.0,0.0,1.0,manual,0,fixed
5.2746,159,21.6657,3.3415,-0.2317,-5.45,35.66,89.8,17.102,-0.0034,18.0,42.43,1.96,4.5637,9.3,1.0,0.0,0.0,1.0,manual,0,fixed
5.3168,160,21.6813,0.3103,-71.7529,-5.45,36.75,89.8,17.1019,-0.0031,18.0,42.2,1.95,4.5794,9.22,1.0,0.0,0.0,1.0,manual,0,fixed
5.3499,161,21.668,-0.2646,-17.3527,-5.45,37.83,89.8,17.1017,-0.0028,18.0,41.97,1.94,4.5663,9.19,1.0,0.0,0.0,1.0,manual,0,fixed
5.3847,162,21.7891,2.4216,77.2904,-5.44,38.92,89.8,17.1016,-0.0026,18.0,41.74,1.92,4.6875,8.9,1.0,0.0,0.0,1.0,manual,0,fixed
5.4123,163,21.9672,3.5609,41.3297,-5.44,40.01,89.8,17.1015,-0.0023,18.0,41.5,1.89,4.8657,8.53,1.0,0.0,0.0,1.0,manual,0,fixed
5.449,164,22.1284,3.2251,-9.1257,-5.43,41.11,89.8,17.1014,-0.0021,18.0,41.25,1.86,5.027,8.21,1.0,0.0,0.0,1.0,manual,0,fixed
5.4812,165,22.2789,3.0101,-6.679,-5.43,42.23,89.8,17.1013,-0.0019,18.0,41.0,1.84,5.1776,7.92,1.0,0.0,0.0,1.0,manual,0,fixed
5.5142,166,22.4225,2.8719,-4.1939,-5.43,43.34,89.8,17.1012,-0.0018,18.0,40.73,1.82,5.3213,7.65,1.0,0.0,0.0,1.0,manual,0,fixed
5.5488,167,22.5617,2.783,-2.5664,-5.42,44.47,89.8,17.1011,-0.0016,18.0,40.46,1.79,5.4606,7.41,1.0,0.0,0.0,1.0,manual,0,fixed
5.5728,168,22.6979,2.7253,-2.4061,-5.42,45.6,89.8,17.101,-0.0014,18.0,40.19,1.77,5.5969,7.18,1.0,0.0,0.0,1.0,manual,0,fixed
5.6055,169,22.8323,2.6877,-1.1505,-5.41,46.74,89.8,17.101,-0.0013,18.0,39.9,1.75,5.7313,6.96,1.0,0.0,0.0,1.0,manual,0,fixed
5.6468,170,22.9654,2.6627,-0.6051,-5.41,47.89,89.8,17.1009,-0.0012,18.0,39.61,1.72,5.8645,6.75,1.0,0.0,0.0,1.0,manual,0,fixed
5.68,171,23.0977,2.6457,-0.5114,-5.41,49.04,89.8,17.1009,-0.0011,18.0,39.31,1.7,5.9969,6.56,1.0,0.0,0.0,1.0,manual,0,fixed
5.7047,172,23.2294,2.6341,-0.4699,-5.4,50.2,89.8,17.1008,-0.001,18.0,39.01,1.68,6.1286,6.37,1.0,0.0,0.0,1.0,manual,0,fixed
5.7457,173,23.3607,2.6257,-0.2055,-5.4,51.36,89.8,17.1008,-0.0009,18.0,38.7,1.66,6.26,6.18,1.0,0.0,0.0,1.0,manual,0,fixed
5.7706,174,23.4917,2.6193,-0.2544,-5.4,52.53,89.8,17.1007,-0.0008,18.0,38.38,1.63,6.391,6.01,1.0,0.0,0.0,1.0,manual,0,fixed
5.8081,175,23.6224,2.6144,-0.1313,-5.39,53.71,89.8,17.1007,-0.0007,18.0,38.06,1.61,6.5217,5.84,1.0,0.0,0.0,1.0,manual,0,fixed
5.8365,176,23.7529,2.6103,-0.1463,-5.39,54.9,89.8,17.1007,-0.0006,18.0,37.73,1.59,6.6523,5.67,1.0,0.0,0.0,1.0,manual,0,fixed
5.8774,177,23.8833,2.6068,-0.0857,-5.38,56.09,89.8,17.1006,-0.0006,18.0,37.39,1.57,6.7826,5.51,1.0,0.0,0.0,1.0,manual,0,fixed
5.9015,178,24.0134,2.6036,-0.1316,-5.38,57.29,89.8,17.1006,-0.0006,18.0,37.05,1.54,6.9128,5.36,1.0,0.0,0.0,1.0,manual,0,fixed
5.943,179,24.1435,2.6005,-0.0736,-5.37,58.49,89.8,17.1006,-0.0005,18.0,36.7,1.52,7.0429,5.21,1.0,0.0,0.0,1.0,manual,0,fixed
5.9759,180,24.2733,2.5977,-0.0869,-5.37,59.7,89.8,17.1005,-0.0006,18.0,36.34,1.5,7.1728,5.07,1.0,0.0,0.0,1.0,manual,0,fixed
6.0006,181,24.4031,2.5948,-0.1158,-5.37,60.92,89.8,17.1005,-0.0007,18.0,35.98,1.47,7.3026,4.93,1.0,0.0,0.0,1.0,manual,0,fixed
6.0396,182,24.5327,2.5922,-0.0675,-5.36,62.14,89.8,17.1005,-0.0004,18.0,35.61,1.45,7.4322,4.79,1.0,0.0,0.0,1.0,manual,0,fixed
6.0748,183,24.6622,2.5895,-0.0769,-5.36,63.37,89.8,17.1005,-0.0004,18.0,35.24,1.43,7.5617,4.66,1.0,0.0,0.0,1.0,manual,0,fixed
6.0996,184,24.7915,2.5867,-0.1108,-5.35,64.61,89.8,17.1005,-0.0004,18.0,34.86,1.41,7.691,4.53,0.0,0.0,0.0,0.0,manual,0,fixed
6.1325,185,24.9119,2.4076,-5.4519,-5.35,65.85,89.8,17.1005,-0.0003,18.0,34.47,1.38,7.8114,4.41,0.0,0.0,0.0,0.0,manual,0,fixed
6.1738,186,24.9854,1.4698,-22.7021,-5.35,67.1,89.8,17.1005,-0.0003,18.0,34.07,1.36,7.8849,4.32,0.0,0.0,0.0,0.0,manual,0,fixed
6.1985,187,24.9933,0.1589,-53.0649,-5.34,68.35,89.8,17.1004,-0.0002,18.0,33.68,1.35,7.8929,4.27,0.0,0.0,0.0,0.0,manual,0,fixed
6.2398,188,24.9576,-0.715,-21.1816,-5.34,69.6,89.8,17.1004,-0.0002,18.0,33.29,1.33,7.8571,4.24,0.0,0.0,0.0,0.0,manual,0,fixed
6.2645,189,24.8966,-1.22,-20.4135,-5.33,70.85,89.8,17.1004,-0.0002,18.0,32.89,1.32,7.7961,4.22,0.0,0.0,0.0,0.0,manual,0,fixed
6.3059,190,24.8209,-1.5128,-7.0681,-5.33,72.09,89.8,17.1004,-0.0002,18.0,32.51,1.31,7.7205,4.21,0.0,0.0,0.0,0.0,manual,0,fixed
6.3315,191,24.7369,-1.6811,-6.5847,-5.32,73.33,89.8,17.1004,-0.0002,18.0,32.12,1.3,7.6365,4.21,0.0,0.0,0.0,0.0,manual,0,fixed
6.3729,192,24.648,-1.7764,-2.304,-5.32,74.56,89.8,17.1004,-0.0001,18.0,31.74,1.29,7.5476,4.21,0.0,0.0,0.0,0.0,manual,0,fixed
6.3975,193,24.5566,-1.829,-2.1336,-5.32,75.79,89.8,17.1004,-0.0003,18.0,31.37,1.28,7.4562,4.21,0.0,0.0,0.0,0.0,manual,0,fixed
6.4305,194,24.4638,-1.8567,-0.8383,-5.31,77.02,89.8,17.1004,-0.0002,18.0,31.0,1.27,7.3634,4.21,0.0,0.0,0.0,0.0,manual,0,fixed
6.4635,195,24.3703,-1.8696,-0.391,-5.31,78.24,89.8,17.1004,-0.0002,18.0,30.63,1.26,7.2699,4.21,0.0,0.0,0.0,0.0,manual,0,fixed
6.5048,196,24.2766,-1.8739,-0.1042,-5.3,79.45,89.8,17.1004,-0.0001,18.0,30.27,1.25,7.1762,4.22,0.0,0.0,0.0,0.0,manual,0,fixed
6.5295,197,24.1829,-1.8732,0.0294,-5.3,80.66,89.8,17.1004,-0.0001,18.0,29.92,1.24,7.0826,4.22,0.0,0.0,0.0,0.0,manual,0,fixed
6.5708,198,24.0894,-1.8696,0.0878,-5.3,81.87,89.8,17.1004,-0.0002,18.0,29.57,1.23,6.9891,4.23,0.0,0.0,0.0,0.0,manual,0,fixed
6.5955,199,23.9962,-1.8644,0.2086,-5.29,83.07,89.8,17.1004,-0.0006,18.0,29.22,1.22,6.8959,4.24,0.0,0.0,0.0,0.0,manual,0,fixed
6.6285,200,23.9033,-1.8581,0.1905,-5.29,84.27,89.8,17.1004,-0.0007,18.0,28.88,1.21,6.803,4.24,0.0,0.0,0.0,0.0,manual,0,fixed
6.67,201,23.8108,-1.8512,0.1657,-5.28,85.46,89.8,17.1005,0.0036,18.02,28.54,1.2,6.7102,4.25,0.0,0.0,0.0,0.0,manual,0,fixed
6.6945,202,23.7185,-1.8441,0.2891,-5.28,86.65,89.8,17.1012,0.0137,18.04,28.21,1.19,6.6173,4.26,0.0,0.0,0.0,0.0,manual,0,fixed
6.7275,203,23.6267,-1.8369,0.2185,-5.27,87.83,89.8,17.1026,0.028,18.06,27.88,1.18,6.5241,4.27,0.0,0.0,0.0,0.0,manual,0,fixed
6.7605,204,23.5352,-1.8294,0.2278,-5.27,89.01,89.8,17.1049,0.0447,18.08,27.56,1.17,6.4304,4.29,0.0,0.0,0.0,0.0,manual,0,fixed
6.802,205,23.4441,-1.8221,0.1757,-5.27,90.19,89.8,17.108,0.0629,18.1,27.24,1.16,6.3361,4.3,0.0,0.0,0.0,0.0,manual,0,fixed
6.8265,206,23.3534,-1.8146,0.306,-5.26,91.35,89.8,17.1121,0.0816,18.12,26.92,1.15,6.2413,4.31,0.0,0.0,0.0,0.0,manual,0,fixed
6.8595,207,23.263,-1.8073,0.2209,-5.26,92.52,89.8,17.1171,0.1003,18.14,26.62,1.14,6.1459,4.33,0.0,0.0,0.0,0.0,manual,0,fixed
6.8997,208,23.173,-1.7999,0.1858,-5.25,93.68,89.8,17.123,0.1184,18.16,26.31,1.14,6.05,4.35,0.0,0.0,0.0,0.0,manual,0,fixed
6.9245,209,23.0834,-1.7925,0.2959,-5.25,94.84,89.8,17.1298,0.1357,18.18,26.01,1.13,5.9536,4.37,0.0,0.0,0.0,0.0,manual,0,fixed
6.9617,210,22.9941,-1.7853,0.1959,-5.25,95.99,89.8,17.1374,0.1522,18.2,25.72,1.12,5.8567,4.39,0.0,0.0,0.0,0.0,manual,0,fixed
6.9906,211,22.9053,-1.7779,0.2557,-5.24,97.13,89.8,17.1458,0.1679,18.22,25.43,1.11,5.7594,4.41,0.0,0.1,0.0,-0.1,manual,0,fixed
7.0317,212,22.795,-2.2059,-10.4213,-5.24,98.28,89.8,17.1549,0.1824,18.24,25.14,1.1,5.64,4.46,0.0,0.2,0.0,-0.2,manual,0,fixed
7.0565,213,22.6558,-2.7835,-23.268,-5.24,99.41,89.8,17.1647,0.1959,18.26,24.86,1.1,5.4911,4.53,0.0,0.3,0.0,-0.3,manual,0,fixed
7.0895,214,22.4876,-3.3642,-17.5956,-5.23,100.54,89.8,17.1751,0.2085,18.28,24.6,1.09,5.3124,4.63,0.0,0.4,0.0,-0.4,manual,0,fixed
7.1226,215,22.2902,-3.9466,-17.6242,-5.23,101.66,89.8,17.1861,0.22,18.3,24.34,1.09,5.1041,4.77,0.0,0.0,0.0,0.0,manual,0,fixed
7.1555,216,22.1473,-2.8581,33.0789,-5.22,102.77,89.8,17.1977,0.2307,18.32,24.09,1.09,4.9497,4.87,0.0,0.0,0.0,0.0,manual,0,fixed
7.1968,217,22.0591,-1.765,26.4318,-5.22,103.87,89.8,17.2097,0.2405,18.34,23.84,1.08,4.8494,4.92,0.0,0.0,0.0,0.0,manual,0,fixed
7.2215,218,21.9725,-1.7315,1.3551,-5.22,104.97,89.8,17.2222,0.2495,18.36,23.6,1.07,4.7503,4.97,0.0,0.0,0.0,0.0,manual,0,fixed
7.2572,219,21.8869,-1.712,0.5466,-5.21,106.07,89.8,17.2351,0.2578,18.38,23.37,1.07,4.6518,5.02,0.0,0.0,0.0,0.0,manual,0,fixed
7.2968,220,21.802,-1.6978,0.3593,-5.21,107.16,89.8,17.2483,0.2652,18.4,23.14,1.06,4.5537,5.08,0.0,0.0,0.0,0.0,manual,0,fixed
7.3215,221,21.7177,-1.6866,0.4519,-5.21,108.25,89.8,17.2619,0.2722,18.42,22.91,1.06,4.4557,5.14,0.0,0.0,0.0,0.0,manual,0,fixed
7.3622,222,21.6338,-1.6773,0.2306,-5.2,109.33,89.8,17.2759,0.2784,18.44,22.69,1.05,4.358,5.21,0.0,0.0,0.0,0.0,manual,0,fixed
7.3958,223,21.5504,-1.6691,0.243,-5.2,110.41,89.8,17.2901,0.2843,18.46,22.48,1.04,4.2603,5.28,0.0,0.0,0.0,0.0,manual,0,fixed
7.4229,224,21.4673,-1.6615,0.2795,-5.19,111.49,89.8,17.3045,0.2894,18.48,22.27,1.04,4.1628,5.35,0.0,0.0,0.0,0.0,manual,0,fixed
7.4618,225,21.3846,-1.6542,0.1884,-5.19,112.56,89.8,17.3193,0.2943,18.5,22.06,1.03,4.0653,5.43,0.0,0.0,0.0,0.0,manual,0,fixed
7.4865,226,21.3022,-1.6472,0.2827,-5.19,113.62,89.8,17.3342,0.2986,18.52,21.86,1.03,3.968,5.51,0.0,0.0,0.0,0.0,manual,0,fixed
7.5278,227,21.2202,-1.6404,0.1634,-5.18,114.69,89.8,17.3493,0.3026,18.54,21.67,1.02,3.8709,5.6,0.0,0.0,0.0,0.0,manual,0,fixed
7.5525,228,21.1385,-1.6337,0.2736,-5.18,115.75,89.8,17.3646,0.3062,18.56,21.48,1.02,3.7739,5.69,0.0,0.0,0.0,0.0,manual,0,fixed
7.594,229,21.0572,-1.627,0.1609,-5.18,116.8,89.8,17.3801,0.3095,18.58,21.29,1.01,3.6771,5.79,0.0,0.0,0.0,0.0,manual,0,fixed
7.6185,230,20.9762,-1.6204,0.2691,-5.17,117.85,89.8,17.3957,0.3126,18.6,21.11,1.01,3.5804,5.9,0.0,0.0,0.0,0.0,manual,0,fixed
7.6543,231,20.8955,-1.6138,0.1843,-5.17,118.9,89.8,17.4115,0.3153,18.62,20.93,1.0,3.484,6.01,0.0,0.0,0.0,0.0,manual,0,fixed
7.6929,232,20.8151,-1.6073,0.169,-5.17,119.94,89.8,17.4274,0.3178,18.64,20.76,1.0,3.3877,6.13,0.0,0.0,0.0,0.0,manual,0,fixed
7.7175,233,20.7351,-1.6007,0.2667,-5.16,120.98,89.8,17.4434,0.32,18.66,20.6,0.99,3.2917,6.26,0.0,0.0,0.0,0.0,manual,0,fixed
7.7588,234,20.6553,-1.5943,0.155,-5.16,122.01,89.8,17.4595,0.3221,18.68,20.43,0.99,3.1958,6.39,0.0,0.0,0.0,0.0,manual,0,fixed
7.7835,235,20.576,-1.5878,0.2644,-5.15,123.04,89.8,17.4757,0.324,18.7,20.28,0.99,3.1003,6.54,0.0,0.0,0.0,0.0,manual,0,fixed
7.8243,236,20.5054,-1.4469,3.4479,-5.15,124.07,89.8,17.492,0.3258,18.72,20.12,0.98,3.0134,6.68,0.0,0.0,0.0,0.0,manual,0,fixed
7.8495,237,20.4245,-1.6539,-8.234,-5.15,125.09,89.79,17.5084,0.3273,18.74,19.98,0.98,2.9161,6.85,0.0,0.0,0.0,0.0,manual,0,fixed
7.8899,238,20.346,-1.5706,2.0614,-5.14,126.11,89.78,17.5248,0.3287,18.76,19.83,0.97,2.8212,7.03,0.0,0.1,0.0,-0.1,manual,0,fixed
7.9146,239,20.2453,-2.0141,-18.0078,-5.14,127.12,89.77,17.5413,0.3301,18.78,19.7,0.97,2.704,7.28,0.0,0.2,0.0,-0.2,manual,0,fixed
7.9475,240,20.1155,-2.596,-17.6427,-5.14,128.13,89.77,17.5579,0.3312,18.8,19.57,0.97,2.5576,7.65,0.0,0.3,0.0,-0.3,manual,0,fixed
7.9805,241,19.9565,-3.1805,-17.7233,-5.13,129.13,89.76,17.5745,0.3324,18.82,19.44,0.97,2.382,8.16,0.0,0.4,0.0,-0.4,manual,0,fixed
8.0173,242,19.7682,-3.7662,-15.9211,-5.13,130.13,89.76,17.5911,0.3333,18.84,19.33,0.98,2.177,8.88,0.0,0.5,0.0,-0.5,manual,0,fixed
8.0465,243,19.5506,-4.3517,-20.0702,-5.12,131.11,89.76,17.6079,0.3343,18.86,19.23,0.98,1.9427,9.9,0.0,0.6,0.0,-0.6,manual,0,fixed
8.0879,244,19.3037,-4.9366,-14.1321,-5.12,132.08,89.76,17.6246,0.335,18.88,19.14,0.99,1.6791,11.4,0.0,0.7,0.0,-0.7,manual,0,fixed
8.1125,245,19.0277,-5.5205,-23.6747,-5.12,133.04,89.76,17.6414,0.3358,18.9,19.06,1.0,1.3863,13.75,0.0,0.8,0.0,-0.8,manual,0,fixed
8.1539,246,18.7226,-6.1032,-14.0981,-5.11,133.98,89.76,17.6582,0.3365,18.92,19.0,1.02,1.0643,17.86,0.0,0.9,0.0,-0.9,manual,0,fixed
8.1785,247,18.3883,-6.6845,-23.5918,-5.11,134.9,89.76,17.6751,0.3372,18.94,18.96,1.03,0.7133,26.58,0.0,1.0,0.0,-1.0,manual,0,fixed
8.2192,248,18.0251,-7.2646,-14.2441,-5.11,135.81,89.76,17.692,0.3377,18.96,18.94,1.05,0.3331,56.84,0.0,1.0,0.0,-1.0,manual,0,fixed
8.2445,249,17.6668,-7.1658,3.9059,-5.1,136.7,89.76,17.7089,0.3383,18.98,18.93,1.07,-0.0421,999.0,0.0,1.0,0.0,-1.0,manual,0,fixed
8.2859,250,17.3404,-6.5283,15.4216,-5.1,137.58,89.76,17.7258,0.3387,19.0,18.94,1.09,-0.3854,999.0,0.0,1.0,0.0,-1.0,manual,0,fixed
8.3115,251,17.0152,-6.505,0.9083,-5.09,138.43,89.76,17.7428,0.3391,19.02,18.97,1.12,-0.7276,999.0,0.0,1.0,0.0,-1.0,manual,0,fixed
8.3492,252,16.5594,-9.1158,-69.2056,-5.09,139.27,89.76,17.7598,0.3396,19.04,19.02,1.15,-1.2004,999.0,0.0,1.0,0.0,-1.0,manual,0,fixed
8.3775,253,16.1348,-8.4921,22.0115,-5.09,140.09,89.76,17.7767,0.3399,19.06,19.1,1.18,-1.642,999.0,0.0,1.0,0.0,-1.0,manual,0,fixed
8.4189,254,15.7261,-8.1739,7.6846,-5.08,140.88,89.76,17.7938,0.3403,19.08,19.19,1.22,-2.0677,999.0,0.0,1.0,0.0,-1.0,manual,0,fixed
8.4436,255,15.3277,-7.9668,8.4006,-5.08,141.65,89.76,17.8108,0.3406,19.1,19.31,1.26,-2.4831,999.0,0.0,1.0,0.0,-1.0,manual,0,fixed
8.4842,256,14.9364,-7.8269,3.4428,-5.08,142.41,89.76,17.8278,0.3408,19.12,19.45,1.3,-2.8915,999.0,0.0,1.0,0.0,-1.0,manual,0,fixed
8.5095,257,14.55,-7.7272,3.945,-5.07,143.14,89.76,17.8449,0.3412,19.14,19.6,1.35,-3.2949,999.0,0.0,1.0,0.0,-1.0,manual,0,fixed
8.5487,258,14.1675,-7.6513,1.9348,-5.07,143.86,89.76,17.862,0.3415,19.16,19.78,1.4,-3.6945,999.0,0.0,0.0,0.0,0.0,manual,0,fixed
8.5813,259,13.8542,-6.2658,42.5289,-5.07,144.56,89.76,17.879,0.3416,19.18,19.97,1.44,-4.0249,999.0,0.0,0.0,0.0,0.0,manual,0,fixed
8.6143,260,13.7519,-2.0453,127.9014,-5.07,145.25,89.76,17.8961,0.3419,19.2,20.18,1.47,-4.1442,999.0,0.0,0.0,0.0,0.0,manual,0,fixed
8.6477,261,13.7726,0.4149,73.6528,-5.06,145.94,89.76,17.9132,0.3421,19.22,20.39,1.48,-4.1406,999.0,0.0,0.0,0.0,0.0,manual,0,fixed
8.6791,262,13.5288,-4.8769,-168.5927,-5.06,146.62,89.76,17.9304,0.3422,19.24,20.6,1.52,-4.4016,999.0,0.0,0.0,0.0,0.0,manual,0,fixed
8.7158,263,13.2831,-4.914,-1.0097,-5.06,147.29,89.76,17.9473,0.3388,19.24,20.83,1.57,-4.6642,999.0,0.0,0.0,0.0,0.0,manual,0,fixed
8.7405,264,13.0627,-4.4086,20.4794,-5.05,147.94,89.76,17.9639,0.3324,19.26,21.07,1.61,-4.9012,999.0,0.0,0.0,0.0,0.0,manual,0,fixed
8.7772,265,12.8951,-3.3517,28.7452,-5.05,148.59,89.76,17.9805,0.3318,19.3,21.32,1.65,-5.0854,999.0,0.0,0.0,0.0,0.0,manual,0,fixed
8.8149,266,12.7206,-3.4891,-3.6498,-5.05,149.23,89.76,17.9973,0.3359,19.32,21.58,1.7,-5.2767,999.0,0.0,0.0,0.0,0.0,manual,0,fixed
8.8478,267,12.5911,-2.5907,27.3202,-5.05,149.86,89.76,18.0142,0.3389,19.34,21.85,1.74,-5.4232,999.0,0.0,0.0,0.0,0.0,manual,0,fixed
8.8808,268,12.4307,-3.208,-18.6964,-5.04,150.49,89.76,18.0313,0.341,19.36,22.12,1.78,-5.6006,999.0,0.0,0.0,0.0,0.0,manual,0,fixed
8.9045,269,12.3171,-2.272,39.5379,-5.04,151.11,89.76,18.0482,0.3391,19.36,22.41,1.82,-5.7312,999.0,0.0,0.0,0.0,0.0,manual,0,fixed
8.9375,270,12.161,-3.1209,-25.6773,-5.04,151.72,89.76,18.0651,0.3372,19.4,22.7,1.87,-5.9041,999.0,0.0,0.0,0.0,0.0,manual,0,fixed
8.9788,271,12.0556,-2.1097,24.4801,-5.04,152.32,89.76,18.0821,0.3403,19.42,23.0,1.91,-6.0266,999.0,0.0,0.0,0.0,0.0,manual,0,fixed
9.0127,272,11.9014,-3.0838,-28.8027,-5.03,152.92,89.76,18.0993,0.3426,19.44,23.3,1.96,-6.1979,999.0,0.0,0.0,0.0,0.0,manual,0,fixed
9.0365,273,11.8016,-1.9951,45.6843,-5.03,153.51,89.76,18.1168,0.3531,19.46,23.62,2.0,-6.3152,999.0,0.0,0.0,0.0,0.0,manual,0,fixed
9.0771,274,11.6484,-3.0643,-26.3541,-5.03,154.1,89.76,18.134,0.3448,19.48,23.94,2.06,-6.4856,999.0,0.0,0.0,0.0,0.0,manual,0,fixed
9.1107,275,11.5535,-1.8978,34.6409,-5.03,154.68,89.76,18.1513,0.3455,19.5,24.27,2.1,-6.5978,999.0,0.0,0.0,0.0,0.0,manual,0,fixed
9.1408,276,11.4009,-3.0515,-38.3545,-5.02,155.25,89.76,18.1685,0.3449,19.52,24.6,2.16,-6.7676,999.0,0.0,0.0,0.0,0.0,manual,0,fixed
9.1685,277,11.3106,-1.8059,44.9657,-5.02,155.82,89.76,18.1857,0.3428,19.52,24.94,2.21,-6.875,999.0,0.0,0.0,0.0,0.0,manual,0,fixed
9.2098,278,11.1585,-3.0424,-29.9344,-5.02,156.38,89.76,18.2028,0.3432,19.56,25.29,2.27,-7.0443,999.0,0.0,0.0,0.0,0.0,manual,0,fixed
9.2345,279,11.0727,-1.7166,53.7381,-5.02,156.94,89.76,18.2199,0.3422,19.58,25.65,2.32,-7.1472,999.0,0.0,0.0,0.0,0.0,manual,0,fixed
9.2748,280,10.9209,-3.0354,-32.7437,-5.01,157.48,89.76,18.2371,0.3439,19.6,26.01,2.38,-7.3162,999.0,0.0,0.0,0.0,0.0,manual,0,fixed
9.3099,281,10.8395,-1.6291,40.0441,-5.01,158.03,89.76,18.2544,0.3451,19.62,26.38,2.43,-7.4149,999.0,0.0,0.0,0.0,0.0,manual,0,fixed
9.3428,282,10.688,-3.0296,-42.5154,-5.01,158.57,89.76,18.2717,0.3459,19.64,26.75,2.5,-7.5837,999.0,0.0,0.0,0.0,0.0,manual,0,fixed
9.3675,283,10.6108,-1.5435,60.3112,-5.01,159.1,89.76,18.289,0.3465,19.66,27.14,2.56,-7.6782,999.0,0.0,0.0,0.0,0.0,manual,0,fixed
9.409,284,10.4596,-3.0245,-35.6536,-5.0,159.62,89.76,18.3063,0.3468,19.68,27.52,2.63,-7.8467,999.0,0.0,0.0,0.0,0.0,manual,0,fixed
9.4335,285,10.3866,-1.4594,63.9805,-5.0,160.14,89.76,18.3237,0.347,19.7,27.92,2.69,-7.9371,999.0,0.0,0.0,0.0,0.0,manual,0,fixed
9.4749,286,10.2356,-3.0204,-37.7112,-5.0,160.66,89.76,18.341,0.3472,19.72,28.32,2.77,-8.1054,999.0,0.0,0.0,0.0,0.0,manual,0,fixed
9.4995,287,10.1667,-1.3771,66.7431,-5.0,161.17,89.76,18.3584,0.3472,19.74,28.73,2.83,-8.1917,999.0,0.0,0.0,0.0,0.0,manual,0,fixed
9.5371,288,10.0159,-3.0167,-43.5742,-5.0,161.67,89.76,18.3758,0.3472,19.76,29.14,2.91,-8.3598,999.0,0.0,0.0,0.0,0.0,manual,0,fixed
9.5655,289,9.9511,-1.2966,60.6101,-4.99,162.17,89.76,18.3931,0.3471,19.78,29.56,2.97,-8.442,999.0,0.0,0.0,0.0,0.0,manual,0,fixed
9.6066,290,9.8004,-3.0133,-41.7415,-4.99,162.66,89.76,18.4105,0.3471,19.8,29.99,3.06,-8.6101,999.0,0.0,0.0,0.0,0.0,manual,0,fixed
9.6315,291,9.7396,-1.2173,72.2717,-4.99,163.15,89.76,18.4276,0.3433,19.8,30.42,3.12,-8.6881,999.0,0.0,0.0,0.0,0.0,manual,0,fixed
9.6728,292,9.589,-3.0106,-43.4215,-4.99,163.64,89.76,18.4447,0.3403,19.84,30.86,3.22,-8.8556,999.0,0.0,0.0,0.0,0.0,manual,0,fixed
9.6975,293,9.532,-1.1401,75.6524,-4.99,164.11,89.76,18.4618,0.3425,19.86,31.31,3.28,-8.9298,999.0,0.0,0.0,0.0,0.0,manual,0,fixed
9.7383,294,9.3816,-3.008,-45.7348,-4.98,164.58,89.76,18.479,0.344,19.88,31.76,3.39,-9.0974,999.0,0.0,0.0,0.0,0.0,manual,0,fixed
9.7703,295,9.3284,-1.0642,60.8641,-4.98,165.05,89.76,18.4962,0.3451,19.9,32.22,3.45,-9.1678,999.0,0.0,0.0,0.0,0.0,manual,0,fixed
9.804,296,9.1781,-3.0058,-57.5541,-4.98,165.51,89.76,18.5135,0.3459,19.92,32.68,3.56,-9.3354,999.0,0.0,0.0,0.0,0.0,manual,0,fixed
9.8295,297,9.2306,1.0506,159.0234,-4.98,165.97,89.76,18.5308,0.3465,19.94,33.15,3.59,-9.3002,999.0,0.0,0.0,0.0,0.0,manual,0,fixed
9.8625,298,9.1743,-1.1266,-66.0475,-4.98,166.43,89.76,18.5482,0.3469,19.96,33.61,3.66,-9.3739,999.0,0.0,0.0,0.0,0.0,manual,0,fixed
9.9028,299,8.847,-6.5465,-134.393,-4.97,166.88,89.76,18.5655,0.3471,19.98,34.09,3.85,-9.7186,999.0,0.0,0.0,0.0,0.0,manual,0,fixed
9.9275,300,8.4422,-8.0961,-62.8253,-4.97,167.31,89.76,18.5829,0.3472,20.0,34.59,4.1,-10.1407,999.0,0.0,0.0,0.0,0.0,manual,0,fixed
9.9678,301,8.235,-4.1435,98.0503,-4.97,167.73,89.76,18.6003,0.3473,20.02,35.11,4.26,-10.3653,999.0,0.0,0.0,0.0,0.0,manual,0,fixed
10.0016,302,7.9389,-5.9225,-52.6284,-4.97,168.13,89.76,18.6176,0.3473,20.04,35.63,4.49,-10.6788,999.0,0.0,0.0,0.0,0.0,manual,0,fixed
10.0265,303,7.7962,-2.8535,123.3867,-4.97,168.53,89.76,18.635,0.3473,20.06,36.17,4.64,-10.8388,999.0,0.0,0.0,0.0,0.0,manual,0,fixed
10.0678,304,7.5382,-5.1602,-55.8512,-4.96,168.91,89.76,18.6524,0.3472,20.08,36.72,4.87,-11.1142,999.0,0.0,0.0,0.0,0.0,manual,0,fixed
10.0925,305,7.4247,-2.2702,117.0026,-4.96,169.28,89.76,18.6695,0.3436,20.08,37.28,5.02,-11.2449,999.0,0.0,0.0,0.0,0.0,manual,0,fixed
10.134,306,7.1832,-4.8293,-61.6019,-4.96,169.64,89.76,18.6866,0.3406,20.12,37.85,5.27,-11.5033,999.0,0.05,0.0,0.0,0.05,manual,0,fixed
10.1585,307,7.0882,-1.9007,119.4816,-4.96,170.0,89.76,18.7037,0.3487,20.14,38.43,5.42,-11.6155,999.0,0.1,0.0,0.0,0.1,manual,0,fixed
10.1915,308,6.8658,-4.4485,-77.2583,-4.96,170.35,89.76,18.7209,0.3835,20.16,39.02,5.68,-11.8551,999.0,0.15,0.0,0.0,0.15,manual,0,fixed
10.2319,309,6.7965,-1.3843,75.834,-4.96,170.69,89.76,18.7381,0.4594,20.18,39.61,5.83,-11.9416,999.0,0.2,0.0,0.0,0.2,manual,0,fixed
10.2575,310,6.5997,-3.9364,-99.5515,-4.96,171.02,89.76,18.7553,0.5691,20.2,40.22,6.09,-12.1556,999.0,0.25,0.0,0.0,0.25,manual,0,fixed
10.2996,311,6.5592,-0.8114,74.2578,-4.95,171.35,89.76,18.7725,0.6954,20.22,40.83,6.22,-12.2133,999.0,0.3,0.0,0.0,0.3,manual,0,fixed
10.3246,312,6.3899,-3.3859,-103.2638,-4.95,171.68,89.76,18.7896,0.8247,20.24,41.44,6.49,-12.3998,999.0,0.35,0.0,0.0,0.35,manual,0,fixed
10.366,313,6.378,-0.2366,76.0834,-4.95,171.99,89.76,18.8067,0.9481,20.26,42.06,6.6,-12.4287,999.0,0.4,0.0,0.0,0.4,manual,0,fixed
10.3988,314,6.2375,-2.8103,-78.2403,-4.95,172.31,89.76,18.8238,1.0611,20.28,42.69,6.84,-12.5862,999.0,0.45,0.0,0.0,0.45,manual,0,fixed
10.4236,315,6.2574,0.3968,129.8338,-4.95,172.62,89.76,18.8408,1.1624,20.3,43.32,6.92,-12.5834,999.0,0.5,0.0,0.0,0.5,manual,0,fixed
10.4565,316,6.1507,-2.1329,-76.6666,-4.95,172.93,89.76,18.8578,1.2523,20.32,43.95,7.15,-12.707,999.0,0.55,0.0,0.0,0.55,manual,0,fixed
10.4895,317,6.2115,1.2162,101.4987,-4.95,173.24,89.76,18.8747,1.3318,20.34,44.59,7.18,-12.6632,999.0,0.6,0.0,0.0,0.6,manual,0,fixed
10.5307,318,6.1501,-1.2283,-59.4019,-4.94,173.55,89.76,18.8916,1.4032,20.36,45.22,7.35,-12.7415,999.0,0.65,0.0,0.0,0.65,manual,0,fixed
10.5555,319,6.2644,2.2867,141.5144,-4.94,173.86,89.76,18.9084,1.4666,20.36,45.85,7.32,-12.6439,999.0,0.7,0.0,0.0,0.7,manual,0,fixed
10.5968,320,6.2623,-0.0433,-56.4556,-4.94,174.17,89.76,18.925,1.5241,20.4,46.49,7.42,-12.6627,999.0,0.75,0.0,0.0,0.75,manual,0,fixed
10.6299,321,6.4411,3.5766,109.3451,-4.94,174.49,89.76,18.9416,1.5774,20.42,47.11,7.31,-12.5005,999.0,0.8,0.0,0.0,0.8,manual,0,fixed
10.6545,322,6.5086,1.3489,-90.5717,-4.94,174.82,89.76,18.9584,1.6252,20.44,47.74,7.33,-12.4498,999.0,0.85,0.0,0.0,0.85,manual,0,fixed
10.6875,323,6.7529,4.8873,107.1858,-4.94,175.15,89.76,18.9751,1.7441,20.46,48.35,7.16,-12.2222,999.0,0.9,0.0,0.0,0.9,manual,0,fixed
10.7288,324,6.8911,2.7634,-51.3855,-4.94,175.49,89.76,18.9919,1.7625,20.48,48.96,7.1,-12.1008,999.0,0.95,0.0,0.0,0.95,manual,0,fixed
10.7535,325,7.199,6.1586,137.6266,-4.94,175.84,89.76,19.0087,1.7766,20.5,49.55,6.88,-11.8097,999.0,1.0,0.0,0.0,1.0,manual,0,fixed
10.7865,326,7.4101,4.2212,-58.6855,-4.93,176.21,89.75,19.0256,1.7882,20.52,50.14,6.77,-11.6156,999.0,1.0,0.0,0.0,1.0,manual,0,fixed
10.8268,327,7.7786,7.3696,78.2246,-4.93,176.59,89.76,19.0426,1.7981,20.54,50.71,6.52,-11.2641,999.0,1.0,0.0,0.0,1.0,manual,0,fixed
10.8525,328,8.0438,5.3056,-80.1928,-4.93,176.99,89.76,19.0594,1.8079,20.54,51.26,6.37,-11.0156,999.0,1.0,0.0,0.0,1.0,manual,0,fixed
10.8845,329,8.4421,7.9656,83.1403,-4.93,177.4,89.75,19.0762,1.8182,20.58,51.8,6.14,-10.634,999.0,1.0,0.0,0.0,1.0,manual,0,fixed
10.9214,330,8.7331,5.8192,-58.1233,-4.93,177.83,89.75,19.0929,1.9152,20.6,52.32,5.99,-10.3598,999.0,1.0,0.0,0.0,1.0,manual,0,fixed
10.9505,331,9.1254,7.8461,69.7478,-4.92,178.28,89.76,19.1097,1.9064,20.62,52.82,5.79,-9.9844,999.0,1.0,0.0,0.0,1.0,manual,0,fixed
10.989,332,9.4377,6.2455,-41.6212,-4.92,178.75,89.76,19.1267,1.8986,20.64,53.31,5.65,-9.6891,999.0,1.0,0.0,0.0,1.0,manual,0,fixed
11.0165,333,9.826,7.7673,55.2314,-4.92,179.23,89.76,19.1438,1.8923,20.66,53.78,5.47,-9.3178,999.0,1.0,0.0,0.0,1.0,manual,0,fixed
11.0559,334,10.1432,6.3437,-36.1001,-4.92,179.73,89.76,19.1609,1.888,20.68,54.24,5.35,-9.0177,999.0,1.0,0.0,0.0,1.0,manual,0,fixed
11.0826,335,10.5059,7.2548,34.1955,-4.92,180.25,89.76,19.1781,1.8867,20.7,54.67,5.2,-8.6722,999.0,1.0,0.0,0.0,1.0,manual,0,fixed
11.1253,336,10.8223,6.3277,-21.6861,-4.91,180.78,89.76,19.1953,1.8883,20.72,55.09,5.09,-8.373,999.0,1.0,0.0,0.0,1.0,manual,0,fixed
11.1485,337,10.7234,-1.9794,-358.4822,-4.91,181.32,89.76,19.2125,1.9773,20.74,55.51,5.18,-8.4891,999.0,1.0,0.0,0.0,1.0,manual,0,fixed
11.1904,338,10.8492,2.5163,107.2911,-4.91,181.86,89.76,19.2296,1.9613,20.76,55.93,5.16,-8.3805,999.0,1.0,0.0,0.0,1.0,manual,0,fixed
11.2215,339,11.1814,6.6453,132.7187,-4.91,182.41,89.76,19.2469,1.9475,20.78,56.34,5.04,-8.0654,999.0,1.0,0.0,0.0,1.0,manual,0,fixed
11.2475,340,11.5974,8.3196,64.3899,-4.9,182.98,89.76,19.2641,1.9362,20.8,56.72,4.89,-7.6667,999.0,1.0,0.0,0.0,1.0,manual,0,fixed
11.2889,341,11.9441,6.9338,-33.4914,-4.9,183.57,89.76,19.2814,1.9278,20.82,57.09,4.78,-7.3374,999.0,1.0,0.0,0.0,1.0,manual,0,fixed
11.3145,342,12.2524,6.1657,-29.9874,-4.9,184.18,89.76,19.2988,1.9229,20.84,57.44,4.69,-7.0464,999.0,1.0,0.0,0.0,1.0,manual,0,fixed
11.3553,343,12.528,5.546,-15.1849,-4.9,184.8,89.75,19.3161,1.9217,20.86,57.78,4.61,-6.7881,999.0,1.0,0.0,0.0,1.0,manual,0,fixed
11.3805,344,12.7979,5.4406,-4.1818,-4.89,185.44,89.76,19.3333,2.0085,20.88,58.11,4.54,-6.5354,999.0,1.0,0.0,0.0,1.0,manual,0,fixed
11.4218,345,13.0538,5.1178,-7.8134,-4.89,186.08,89.77,19.3506,1.9908,20.9,58.42,4.48,-6.2968,999.0,1.0,0.0,0.0,1.0,manual,0,fixed
11.4466,346,13.3012,4.9482,-6.8655,-4.89,186.74,89.77,19.3679,1.9758,20.92,58.72,4.41,-6.0667,999.0,1.0,0.0,0.0,1.0,manual,0,fixed
11.4879,347,13.5444,4.8653,-2.0065,-4.89,187.42,89.77,19.3852,1.9636,20.94,59.01,4.36,-5.8408,999.0,1.0,0.0,0.0,1.0,manual,0,fixed
11.5125,348,13.7845,4.8021,-2.5648,-4.88,188.1,89.77,19.4026,1.9546,20.96,59.29,4.3,-5.618,999.0,1.0,0.0,0.0,1.0,manual,0,fixed
11.554,349,14.0227,4.7623,-0.9604,-4.88,188.8,89.77,19.4199,1.949,20.98,59.56,4.25,-5.3973,999.0,1.0,0.0,0.0,1.0,manual,0,fixed
11.5785,350,14.2594,4.7346,-1.1297,-4.88,189.51,89.77,19.4373,1.9473,21.0,59.81,4.19,-5.1779,999.0,1.0,0.0,0.0,1.0,manual,0,fixed
11.6198,351,14.4951,4.7153,-0.4661,-4.87,190.23,89.77,19.4545,2.0332,21.02,60.06,4.14,-4.9594,999.0,1.0,0.0,0.0,1.0,manual,0,fixed
11.6445,352,14.7302,4.7013,-0.5667,-4.87,190.96,89.77,19.4718,2.0157,21.04,60.29,4.09,-4.7416,999.0,1.0,0.0,0.0,1.0,manual,0,fixed
11.686,353,14.9648,4.6908,-0.2544,-4.87,191.7,89.77,19.4891,2.0006,21.06,60.51,4.04,-4.5244,999.0,1.0,0.0,0.0,1.0,manual,0,fixed
11.7182,354,15.0182,1.0692,-112.4742,-4.87,192.45,89.77,19.5065,1.9881,21.08,60.73,4.04,-4.4883,999.0,1.0,0.0,0.0,1.0,manual,0,fixed
11.7514,355,15.0352,0.3403,-21.9052,-4.86,193.2,89.77,19.5239,1.9789,21.1,60.94,4.05,-4.4886,999.0,1.0,0.0,0.0,1.0,manual,0,fixed
11.7846,356,15.1615,2.5247,65.9348,-4.86,193.96,89.77,19.5413,1.973,21.12,61.16,4.03,-4.3798,999.0,1.0,0.0,0.0,1.0,manual,0,fixed
11.8095,357,15.4376,5.5219,120.0736,-4.86,194.72,89.77,19.5587,1.9713,21.14,61.36,3.97,-4.1211,999.0,1.0,0.0,0.0,1.0,manual,0,fixed
11.8501,358,15.6733,4.7154,-19.8577,-4.85,195.5,89.77,19.5759,2.0573,21.16,61.55,3.93,-3.9026,999.0,1.0,0.0,0.0,1.0,manual,0,fixed
11.8746,359,15.8859,4.2524,-18.9575,-4.85,196.29,89.77,19.5932,2.0396,21.18,61.73,3.89,-3.7073,999.0,1.0,0.0,0.0,1.0,manual,0,fixed
11.9076,360,16.0837,3.9545,-9.0224,-4.85,197.09,89.77,19.6106,2.0247,21.2,61.9,3.85,-3.5269,999.0,0.0,0.0,0.0,0.0,manual,0,fixed
11.9405,361,16.2599,3.5244,-13.0471,-4.84,197.9,89.77,19.6279,2.0124,21.22,62.06,3.82,-3.3681,999.0,0.0,0.0,0.0,0.0,manual,0,fixed
11.9735,362,16.3721,2.2432,-38.876,-4.84,198.72,89.77,19.6453,2.0032,21.24,62.22,3.8,-3.2733,999.0,0.0,0.0,0.0,0.0,manual,0,fixed
12.0065,363,16.4031,0.621,-49.1519,-4.84,199.54,89.77,19.6628,1.9975,21.26,62.37,3.8,-3.2596,999.0,0.0,0.0,0.0,0.0,manual,0,fixed
12.0448,364,16.3817,-0.4279,-27.3593,-4.83,200.36,89.77,19.6802,1.9959,21.28,62.52,3.82,-3.2985,999.0,0.0,0.0,0.0,0.0,manual,0,fixed
12.081,365,16.3303,-1.0291,-16.6384,-4.83,201.18,89.77,19.6974,2.0811,21.3,62.68,3.84,-3.3672,999.0,0.0,0.0,0.0,0.0,manual,0,fixed
12.1139,366,16.2615,-1.3742,-10.4819,-4.83,201.99,89.77,19.7148,2.0638,21.32,62.84,3.86,-3.4532,999.0,0.0,0.0,0.0,0.0,manual,0,fixed
12.1469,367,16.183,-1.5705,-5.9409,-4.82,202.8,89.77,19.7321,2.0492,21.34,63.01,3.89,-3.5491,999.0,0.0,0.0,0.0,0.0,manual,0,fixed
12.1796,368,16.099,-1.6803,-3.3635,-4.82,203.61,89.77,19.7495,2.0369,21.36,63.18,3.92,-3.6505,999.0,0.0,0.0,0.0,0.0,manual,0,fixed
12.2115,369,16.012,-1.7396,-1.8554,-4.82,204.41,89.77,19.7669,2.0276,21.38,63.35,3.96,-3.7549,999.0,0.0,0.0,0.0,0.0,manual,0,fixed
12.2375,370,15.9235,-1.7698,-1.1628,-4.81,205.21,89.77,19.7843,2.0219,21.4,63.53,3.99,-3.8608,999.0,0.0,0.0,0.0,0.0,manual,0,fixed
12.2788,371,15.8344,-1.7828,-0.3152,-4.81,206.0,89.77,19.8018,2.0204,21.42,63.72,4.02,-3.9674,999.0,0.0,0.0,0.0,0.0,manual,0,fixed
12.313,372,15.7451,-1.7861,-0.095,-4.81,206.79,89.77,19.8191,2.1055,21.44,63.91,4.06,-4.074,999.0,0.0,0.0,0.02,0.0,manual,0,fixed
12.3375,373,15.6547,-2.4319,-26.2674,-4.81,207.58,89.86,19.8362,2.0876,21.44,64.11,4.1,-4.1815,999.0,0.0,0.0,0.03,0.0,manual,0,fixed
12.3705,374,15.5638,-2.7686,-10.2239,-4.81,208.36,90.08,19.8533,2.0728,21.48,64.31,4.13,-4.2895,999.0,0.0,0.0,0.05,0.0,manual,0,fixed
12.4118,375,15.4699,-3.8901,-27.115,-4.82,209.13,90.49,19.8704,2.0607,21.5,64.52,4.17,-4.4006,999.0,0.0,0.0,0.07,0.0,manual,0,fixed
12.4365,376,15.372,-5.003,-45.1455,-4.84,209.9,91.14,19.8876,2.107,21.52,64.73,4.21,-4.5156,999.0,0.0,0.0,0.08,0.0,manual,0,fixed
12.4779,377,15.2731,-5.4777,-11.4575,-4.86,210.67,92.0,19.9049,2.0874,21.54,64.95,4.25,-4.6318,999.0,0.0,0.0,0.0,0.0,manual,0,fixed
12.5025,378,15.1857,-1.9429,143.7366,-4.89,211.43,92.72,19.9223,2.0719,21.56,65.17,4.29,-4.7366,999.0,0.0,0.0,0.0,0.0,manual,0,fixed
12.5355,379,15.0995,-1.7714,5.2023,-4.93,212.18,93.14,19.9398,2.0606,21.58,65.39,4.33,-4.8403,999.0,0.0,0.0,0.0,0.0,manual,0,fixed
12.5751,380,15.0131,-1.9641,-4.8693,-4.96,212.93,93.39,19.9572,2.0539,21.6,65.62,4.37,-4.9441,999.0,0.0,0.0,0.0,0.0,manual,0,fixed
12.6102,381,14.9274,-1.9733,-0.2604,-5.0,213.68,93.54,19.9747,2.0519,21.62,65.86,4.41,-5.0473,999.0,0.0,0.0,0.0,0.0,manual,0,fixed
12.6345,382,14.8421,-1.8977,3.1106,-5.04,214.42,93.62,19.9922,2.0538,21.64,66.1,4.45,-5.1501,999.0,0.0,0.0,0.0,0.0,manual,0,fixed
12.6756,383,14.7575,-1.8112,2.1019,-5.09,215.16,93.67,20.0096,2.1418,21.66,66.35,4.5,-5.2521,999.0,0.0,0.0,0.0,0.0,manual,0,fixed
12.7093,384,14.6734,-1.7468,1.9125,-5.13,215.9,93.7,20.027,2.1271,21.68,66.6,4.54,-5.3536,999.0,0.0,0.0,0.0,0.0,manual,0,fixed
12.7336,385,14.5898,-1.7035,1.7848,-5.18,216.63,93.72,20.0444,2.1138,21.7,66.85,4.58,-5.4546,999.0,0.05,0.0,0.0,0.05,manual,0,fixed
12.7666,386,14.5088,-1.6367,2.0237,-5.22,217.35,93.73,20.0619,2.1025,21.72,67.11,4.63,-5.5531,999.0,0.1,0.0,0.0,0.1,manual,0,fixed
12.7995,387,14.4329,-1.5247,3.4038,-5.27,218.07,93.73,20.0794,2.0932,21.74,67.38,4.67,-5.6465,999.0,0.15,0.0,0.0,0.15,manual,0,fixed
12.8419,388,14.364,-1.3813,3.377,-5.32,218.79,93.73,20.0969,2.0871,21.76,67.65,4.71,-5.7329,999.0,0.2,0.0,0.0,0.2,manual,0,fixed
12.8655,389,14.3031,-1.2195,6.8709,-5.36,219.51,93.74,20.1145,2.0844,21.78,67.92,4.75,-5.8113,999.0,0.25,0.0,0.0,0.25,manual,0,fixed
12.9058,390,14.251,-1.0441,4.3492,-5.41,220.22,93.74,20.1318,2.1688,21.8,68.2,4.79,-5.8809,999.0,0.3,0.0,0.0,0.3,manual,0,fixed
12.9388,391,14.208,-0.8589,5.6205,-5.46,220.93,93.74,20.1492,2.1513,21.82,68.48,4.82,-5.9412,999.0,0.35,0.0,0.0,0.35,manual,0,fixed
12.9718,392,14.1748,-0.665,5.8761,-5.5,221.64,93.74,20.1665,2.1364,21.82,68.76,4.85,-5.9917,999.0,0.4,0.0,0.0,0.4,manual,0,fixed
12.9965,393,14.1516,-0.4634,8.1556,-5.55,222.34,93.74,20.1837,2.1242,21.86,69.04,4.88,-6.032,999.0,0.45,0.0,0.0,0.45,manual,0,fixed
13.0378,394,14.1389,-0.2542,5.06,-5.59,223.05,93.74,20.2009,2.1158,21.88,69.33,4.9,-6.062,999.0,0.5,0.0,0.0,0.5,manual,0,fixed
13.0625,395,14.1371,-0.0371,8.8018,-5.64,223.75,93.74,20.2183,2.1103,21.9,69.62,4.92,-6.0812,999.0,0.55,0.0,0.0,0.55,manual,0,fixed
13.1038,396,14.1465,0.1879,5.4414,-5.69,224.46,93.74,20.2357,2.1088,21.92,69.91,4.94,-6.0893,999.0,0.6,0.0,0.0,0.6,manual,0,fixed
13.1285,397,14.1675,0.4215,9.4711,-5.73,225.16,93.74,20.2531,2.1929,21.94,70.2,4.95,-6.0856,999.0,0.65,0.0,0.0,0.65,manual,0,fixed
13.1698,398,14.2008,0.6647,5.8881,-5.78,225.87,93.74,20.2705,2.1781,21.96,70.48,4.96,-6.0698,999.0,0.7,0.0,0.0,0.7,manual,0,fixed
13.2032,399,14.2467,0.9185,7.6075,-5.83,226.58,93.74,20.288,2.1633,21.98,70.77,4.97,-6.0413,999.0,0.75,0.0,0.0,0.75,manual,0,fixed
13.2276,400,14.3059,1.184,10.8568,-5.87,227.3,93.74,20.3055,2.1516,22.0,71.06,4.97,-5.9996,999.0,0.8,0.0,0.0,0.8,manual,0,fixed
13.2606,401,14.379,1.4623,8.4492,-5.92,228.01,93.74,20.3229,2.1419,22.0,71.34,4.96,-5.9439,999.0,0.85,0.0,0.0,0.85,manual,0,fixed
13.3031,402,14.4667,1.7549,6.8842,-5.97,228.73,93.74,20.3397,2.1342,22.0,71.62,4.95,-5.873,999.0,0.9,0.0,0.0,0.9,manual,0,fixed
13.3276,403,14.5699,2.0632,12.5568,-6.01,229.46,93.74,20.3559,2.1293,22.0,71.9,4.93,-5.7859,999.0,0.95,0.0,0.0,0.95,manual,0,fixed
13.3606,404,14.6894,2.3889,9.8936,-6.06,230.19,93.74,20.371,2.2108,22.0,72.17,4.91,-5.6816,999.0,1.0,0.0,0.0,1.0,manual,0,fixed
13.4011,405,14.8256,2.7258,8.2994,-6.11,230.92,93.74,20.3851,2.1911,22.0,72.44,4.89,-5.5595,999.0,1.0,0.0,0.0,1.0,manual,0,fixed
13.4265,406,14.9754,2.9947,10.5997,-6.16,231.67,93.74,20.3984,2.1738,22.0,72.7,4.85,-5.423,999.0,1.0,0.0,0.0,1.0,manual,0,fixed
13.4678,407,15.1335,3.1623,4.0564,-6.21,232.42,93.74,20.4106,2.1584,22.0,72.95,4.82,-5.2771,999.0,1.0,0.0,0.0,1.0,manual,0,fixed
13.4926,408,15.2969,3.2673,4.2369,-6.26,233.18,93.74,20.4219,2.1461,22.0,73.2,4.79,-5.125,999.0,1.0,0.0,0.0,1.0,manual,0,fixed
13.5319,409,15.4635,3.3327,1.6637,-6.31,233.95,93.74,20.4322,2.1369,22.0,73.44,4.75,-4.9687,999.0,0.0,0.0,0.0,0.0,manual,0,fixed
13.5585,410,15.6202,3.1332,-7.4945,-6.36,234.72,93.74,20.4415,2.2149,22.0,73.67,4.72,-4.8213,999.0,0.0,0.0,0.0,0.0,manual,0,fixed
13.5915,411,15.7209,2.0144,-33.9251,-6.41,235.51,93.74,20.45,2.1922,22.0,73.9,4.7,-4.7291,999.0,0.0,0.0,0.0,0.0,manual,0,fixed
13.6329,412,15.7465,0.512,-36.3034,-6.46,236.29,93.74,20.4577,2.1736,22.0,74.13,4.71,-4.7112,999.0,0.0,0.0,0.0,0.0,manual,0,fixed
13.6575,413,15.7235,-0.4605,-39.4578,-6.51,237.08,93.74,20.4647,2.1576,22.0,74.36,4.73,-4.7413,999.0,0.0,0.0,0.0,0.0,manual,0,fixed
13.6988,414,15.6726,-1.0175,-13.5027,-6.56,237.86,93.74,20.471,2.1448,22.0,74.59,4.76,-4.7985,999.0,0.0,0.0,0.0,0.0,manual,0,fixed
13.7236,415,15.6057,-1.3365,-12.8724,-6.61,238.64,93.74,20.4768,2.1362,22.0,74.82,4.79,-4.871,999.0,0.0,0.0,0.02,0.0,manual,0,fixed
13.7649,416,15.5287,-2.2427,-21.8983,-6.67,239.42,93.82,20.4819,2.1315,22.0,75.06,4.83,-4.9533,999.0,0.0,0.0,0.03,0.0,manual,0,fixed
13.7895,417,15.4457,-2.6635,-17.1426,-6.72,240.19,94.05,20.4865,2.2145,22.0,75.31,4.88,-5.0407,999.0,0.0,0.0,0.05,0.0,manual,0,fixed
13.8304,418,15.3567,-3.8362,-28.6789,-6.78,240.95,94.46,20.4905,2.1951,22.0,75.55,4.92,-5.1338,999.0,0.0,0.0,0.07,0.0,manual,0,fixed
13.8555,419,15.262,-4.9644,-44.8259,-6.85,241.72,95.1,20.4942,2.1787,22.0,75.81,4.97,-5.2322,999.0,0.0,0.0,0.0,0.0,manual,0,fixed
13.8958,420,15.176,-1.9842,73.9669,-6.93,242.47,95.65,20.4975,2.1642,22.0,76.06,5.01,-5.3215,999.0,0.0,0.0,0.0,0.0,manual,0,fixed
13.9205,421,15.0906,-1.7175,10.8091,-7.0,243.23,95.97,20.5005,2.1521,22.0,76.32,5.06,-5.4099,999.0,0.0,0.0,0.0,0.0,manual,0,fixed
13.9619,422,15.0049,-1.8246,-2.5891,-7.07,243.97,96.16,20.5032,2.1429,22.0,76.59,5.1,-5.4983,999.0,0.0,0.0,0.0,0.0,manual,0,fixed
13.9948,423,14.9197,-1.839,-0.4374,-7.15,244.72,96.27,20.5056,2.1374,22.0,76.86,5.15,-5.586,999.0,0.0,0.0,0.0,0.0,manual,0,fixed
14.0195,424,14.8347,-1.8015,1.5211,-7.23,245.46,96.34,20.5076,2.2199,22.0,77.13,5.2,-5.6729,999.0,0.0,0.0,0.0,0.0,manual,0,fixed
14.0596,425,14.7503,-1.7524,1.2224,-7.31,246.19,96.38,20.5095,2.1997,22.0,77.41,5.25,-5.7592,999.0,0.0,0.0,0.0,0.0,manual,0,fixed
14.0855,426,14.6664,-1.7143,1.4715,-7.39,246.92,96.4,20.5112,2.1824,22.0,77.69,5.3,-5.8448,999.0,0.0,0.0,0.0,0.0,manual,0,fixed
14.1269,427,14.5829,-1.6869,0.6624,-7.47,247.65,96.41,20.5127,2.1674,22.0,77.98,5.35,-5.9298,999.0,0.0,0.0,0.0,0.0,manual,0,fixed
14.1515,428,14.4999,-1.6682,0.7603,-7.55,248.37,96.42,20.514,2.1548,22.0,78.27,5.4,-6.0142,999.0,0.0,0.0,0.0,0.0,manual,0,fixed
14.1919,429,14.4174,-1.6539,0.3528,-7.63,249.09,96.42,20.5153,2.1455,22.0,78.57,5.45,-6.0979,999.0,0.0,0.0,0.0,0.0,manual,0,fixed
14.2175,430,14.3353,-1.6423,0.4522,-7.71,249.8,96.42,20.5163,2.2242,22.0,78.87,5.5,-6.1809,999.0,0.0,0.0,0.0,0.0,manual,0,fixed
14.2591,431,14.2538,-1.6319,0.2511,-7.79,250.51,96.42,20.5172,2.2012,22.0,79.18,5.55,-6.2634,999.0,0.0,0.0,0.02,0.0,manual,0,fixed
14.2845,432,14.1715,-2.3263,-27.3327,-7.87,251.22,96.51,20.518,2.1819,22.0,79.49,5.61,-6.3465,999.0,0.0,0.0,0.03,0.0,manual,0,fixed
14.3175,433,14.0888,-2.6244,-9.0384,-7.95,251.92,96.73,20.5188,2.1654,22.0,79.8,5.66,-6.43,999.0,0.0,0.0,0.05,0.0,manual,0,fixed
14.3588,434,14.0036,-3.7019,-26.08,-8.04,252.62,97.13,20.5196,2.1535,22.0,80.12,5.72,-6.5159,999.0,0.0,0.0,0.07,0.0,manual,0,fixed
14.3835,435,13.9148,-4.7296,-41.6371,-8.14,253.31,97.75,20.5202,2.1433,22.0,80.44,5.78,-6.6054,999.0,0.0,0.0,0.08,0.0,manual,0,fixed
14.4264,436,13.8255,-5.0873,-8.3412,-8.25,253.99,98.58,20.5208,2.1383,22.0,80.76,5.84,-6.6953,999.0,0.0,0.0,0.0,0.0,manual,0,fixed
14.4495,437,13.7461,-2.0462,131.5496,-8.36,254.67,99.26,20.5212,2.221,22.0,81.09,5.9,-6.7751,999.0,0.0,0.0,0.0,0.0,manual,0,fixed
14.4909,438,13.6687,-1.5494,11.9987,-8.47,255.35,99.63,20.5215,2.2019,22.0,81.42,5.96,-6.8529,999.0,0.0,0.0,0.0,0.0,manual,0,fixed
14.5155,439,13.5899,-1.6802,-5.3168,-8.58,256.02,99.84,20.5219,2.1843,22.0,81.76,6.02,-6.932,999.0,0.0,0.0,0.0,0.0,manual,0,fixed
14.5569,440,13.5139,-1.6559,0.5854,-8.69,256.69,99.95,20.5222,2.1694,22.0,82.1,6.08,-7.0083,999.0,0.0,0.0,0.0,0.0,manual,0,fixed
14.5815,441,13.4348,-1.6763,-0.8272,-8.8,257.35,100.01,20.5226,2.1569,22.0,82.44,6.14,-7.0878,999.0,0.0,0.0,0.0,0.0,manual,0,fixed
14.6228,442,13.3925,-0.9438,17.739,-8.92,258.01,100.05,20.5229,2.1471,22.0,82.79,6.18,-7.1304,999.0,0.0,0.0,0.0,0.0,manual,0,fixed
14.6475,443,13.3536,-0.8286,4.6683,-9.03,258.67,100.07,20.523,2.2245,22.0,83.14,6.23,-7.1694,999.0,0.0,0.0,0.0,0.0,manual,0,fixed
14.6853,444,13.3949,0.8473,44.3747,-9.15,259.33,100.08,20.5232,2.2018,22.0,83.48,6.23,-7.1283,999.0,0.0,0.0,0.02,0.0,manual,0,fixed
14.7204,445,13.0497,-7.0895,-225.9003,-9.27,259.98,100.16,20.5233,2.2016,22.0,83.84,6.42,-7.4736,999.0,0.0,0.0,0.03,0.0,manual,0,fixed
14.7465,446,12.8416,-4.6283,94.0735,-9.38,260.61,100.37,20.5235,2.1803,22.0,84.21,6.56,-7.6819,999.0,0.0,0.0,0.05,0.0,manual,0,fixed
14.785,447,12.6333,-5.1948,-14.7252,-9.51,261.24,100.75,20.5237,2.1633,22.0,84.59,6.7,-7.8903,999.0,0.0,0.0,0.07,0.0,manual,0,fixed
14.8125,448,12.4788,-5.1623,1.1814,-9.63,261.85,101.34,20.5239,2.1491,22.0,84.98,6.81,-8.0451,999.0,0.0,0.0,0.08,0.0,manual,0,fixed
14.853,449,12.3047,-5.4674,-7.5335,-9.77,262.45,102.12,20.524,2.1407,22.0,85.37,6.94,-8.2193,999.0,0.0,0.0,0.1,0.0,manual,0,fixed
14.8864,450,12.169,-6.063,-17.8776,-9.91,263.05,103.1,20.5242,2.1366,22.0,85.77,7.05,-8.3552,999.0,0.0,0.0,0.12,0.0,manual,0,fixed
14.9105,451,11.9991,-7.0286,-40.0146,-10.06,263.63,104.28,20.5243,2.1351,22.0,86.18,7.18,-8.5253,999.0,0.0,0.0,0.13,0.0,manual,0,fixed
14.9517,452,11.8674,-7.1358,-2.5992,-10.23,264.2,105.66,20.5243,2.2204,22.0,86.59,7.3,-8.6569,999.0,0.0,0.0,0.15,0.0,manual,0,fixed
14.9849,453,11.6964,-8.1122,-29.4664,-10.41,264.76,107.21,20.5243,2.2034,22.0,87.0,7.44,-8.8279,999.0,0.0,0.0,0.17,0.0,manual,0,fixed
15.0095,454,11.5571,-8.9522,-34.1059,-10.6,265.31,108.97,20.5243,2.1864,22.0,87.42,7.56,-8.9672,999.0,0.0,0.0,0.18,0.0,manual,0,fixed
15.0457,455,11.3839,-9.0489,-2.6723,-10.81,265.84,110.89,20.5244,2.1756,22.0,87.84,7.72,-9.1405,999.0,0.0,0.0,0.0,0.0,manual,0,fixed
15.0814,456,11.2848,-2.395,186.3558,-11.03,266.36,112.49,20.5245,2.1615,22.0,88.27,7.82,-9.2397,999.0,0.0,0.0,0.0,0.0,manual,0,fixed
15.1133,457,11.1358,-3.0606,-20.8721,-11.24,266.88,113.39,20.5246,2.1507,22.0,88.71,7.97,-9.3887,999.0,0.0,0.0,0.0,0.0,manual,0,fixed
15.1495,458,11.0509,-1.8351,33.8448,-11.46,267.39,113.88,20.5246,2.2264,22.0,89.15,8.07,-9.4737,999.0,0.0,0.0,0.0,0.0,manual,0,fixed
15.1745,459,10.8984,-3.2234,-55.524,-11.68,267.89,114.15,20.5246,2.2052,22.0,89.59,8.22,-9.6262,999.0,0.0,0.0,0.0,0.0,manual,0,fixed
15.2157,460,10.8174,-1.8657,32.9148,-11.89,268.39,114.3,20.5246,2.184,22.0,90.04,8.32,-9.7072,999.0,0.0,0.0,0.02,0.0,manual,0,fixed
15.2405,461,10.6645,-3.6793,-73.0758,-12.11,268.88,114.46,20.5247,2.1677,22.0,90.5,8.49,-9.8602,999.0,0.0,0.0,0.03,0.0,manual,0,fixed
15.2818,462,10.585,-2.7,23.729,-12.33,269.36,114.69,20.5247,2.1545,22.0,90.96,8.59,-9.9397,999.0,0.0,0.0,0.05,0.0,manual,0,fixed
15.3158,463,10.4305,-4.1936,-43.921,-12.56,269.84,115.05,20.5248,2.1453,22.0,91.43,8.77,-10.0943,999.0,0.0,0.0,0.07,0.0,manual,0,fixed
15.3405,464,10.349,-4.0456,5.9875,-12.79,270.3,115.58,20.5249,2.1404,22.0,91.9,8.88,-10.1759,999.0,0.0,0.0,0.0,0.0,manual,0,fixed
15.3774,465,10.1988,-3.3526,18.7704,-13.01,270.76,116.01,20.5248,2.2232,22.0,92.37,9.06,-10.326,999.0,0.0,0.0,0.0,0.0,manual,0,fixed
15.4065,466,10.1302,-1.4404,65.774,-13.24,271.22,116.24,20.5248,2.2034,22.0,92.85,9.17,-10.3945,999.0,0.0,0.0,0.0,0.0,manual,0,fixed
15.4479,467,9.9795,-3.0155,-38.0854,-13.46,271.67,116.37,20.5247,2.186,22.0,93.34,9.35,-10.5453,999.0,0.0,0.0,0.0,0.0,manual,0,fixed
15.4725,468,9.9154,-1.2918,70.0591,-13.68,272.12,116.44,20.5248,2.1707,22.0,93.83,9.46,-10.6094,999.0,0.0,0.0,0.0,0.0,manual,0,fixed
15.5113,469,9.7647,-3.0179,-44.4172,-13.89,272.56,116.47,20.5248,2.1576,22.0,94.32,9.66,-10.7601,999.0,0.0,0.0,0.0,0.0,manual,0,fixed
15.5468,470,9.7045,-1.2119,50.9262,-14.11,272.99,116.5,20.5249,2.1481,22.0,94.82,9.77,-10.8204,999.0,0.0,0.0,0.0,0.0,manual,0,fixed
15.5715,471,9.554,-3.0116,-72.7854,-14.33,273.42,116.51,20.5248,2.2262,22.0,95.33,9.98,-10.9708,999.0,0.0,0.0,0.0,0.0,manual,0,fixed
15.6045,472,9.4976,-1.1293,57.1047,-14.54,273.85,116.51,20.5248,2.2043,22.0,95.84,10.09,-11.0271,999.0,0.0,0.0,0.0,0.0,manual,0,fixed
15.6413,473,9.3473,-3.0079,-50.9768,-14.75,274.27,116.52,20.5248,2.1829,22.0,96.35,10.31,-11.1775,999.0,0.0,0.0,0.0,0.0,manual,0,fixed
15.6791,474,9.2947,-1.052,51.741,-14.96,274.69,116.52,20.5248,2.1663,22.0,96.87,10.42,-11.2301,999.0,0.0,0.0,0.0,0.0,manual,0,fixed
15.7035,475,9.1879,-2.1353,-44.5186,-15.16,275.1,116.52,20.5248,2.1537,22.0,97.39,10.6,-11.3369,999.0,0.0,0.0,0.0,0.0,manual,0,fixed
15.7446,476,9.2354,0.9499,75.0819,-15.37,275.51,116.52,20.5249,2.145,22.0,97.92,10.6,-11.2895,999.0,0.0,0.0,0.0,0.0,manual,0,fixed
15.7695,477,9.0464,-3.7805,-189.55,-15.57,275.92,116.52,20.525,2.1393,22.0,98.44,10.88,-11.4786,999.0,0.0,0.0,0.0,0.0,manual,0,fixed
15.8108,478,8.7047,-6.8344,-74.0687,-15.77,276.32,116.52,20.525,2.2211,22.0,98.98,11.37,-11.8203,999.0,0.0,0.0,0.0,0.0,manual,0,fixed
15.8355,479,8.3335,-7.4226,-23.7832,-15.96,276.7,116.52,20.5249,2.2023,22.0,99.54,11.94,-12.1914,999.0,0.0,0.0,0.0,0.0,manual,0,fixed
15.8769,480,8.1444,-3.7838,87.8085,-16.14,277.06,116.52,20.5249,2.1851,22.0,100.11,12.29,-12.3805,999.0,0.0,0.0,0.0,0.0,manual,0,fixed
15.9005,481,7.8589,-5.71,-81.6182,-16.32,277.42,116.52,20.5249,2.1697,22.0,100.69,12.81,-12.6661,999.0,0.05,0.0,0.0,0.05,manual,0,fixed
15.9419,482,7.7253,-2.6703,73.4306,-16.49,277.77,116.52,20.5249,2.157,22.0,101.28,13.11,-12.7996,999.0,0.1,0.0,0.0,0.1,manual,0,fixed
15.9665,483,7.4836,-4.8352,-87.9834,-16.66,278.11,116.52,20.525,2.1473,22.0,101.88,13.61,-13.0414,999.0,0.15,0.0,0.0,0.15,manual,0,fixed
15.9995,484,7.3912,-1.8484,90.5801,-16.83,278.44,116.52,20.525,2.1413,22.0,102.49,13.87,-13.1339,999.0,0.2,0.0,0.0,0.2,manual,0,fixed
16.0409,485,7.1863,-4.0977,-54.3685,-16.99,278.77,116.52,20.5249,2.2234,22.0,103.1,14.35,-13.3387,999.0,0.25,0.0,0.0,0.25,manual,0,fixed
16.0655,486,7.1305,-1.1163,121.0649,-17.15,279.09,116.52,20.5249,2.2036,22.0,103.72,14.55,-13.3944,999.0,0.3,0.0,0.0,0.3,manual,0,fixed
16.1063,487,6.9598,-3.4131,-56.2808,-17.31,279.4,116.52,20.5249,2.1851,22.0,104.35,14.99,-13.5651,999.0,0.35,0.0,0.0,0.35,manual,0,fixed
16.1315,488,6.938,-0.4353,118.1504,-17.46,279.71,116.52,20.5249,2.1697,22.0,104.98,15.13,-13.5869,999.0,0.4,0.0,0.0,0.4,manual,0,fixed
16.1729,489,6.8012,-2.737,-55.6153,-17.61,280.02,116.52,20.5249,2.1568,22.0,105.61,15.53,-13.7237,999.0,0.45,0.0,0.0,0.45,manual,0,fixed
16.1975,490,6.8146,0.269,121.9407,-17.77,280.32,116.52,20.525,2.1483,22.0,106.24,15.59,-13.7103,999.0,0.5,0.0,0.0,0.5,manual,0,fixed
16.2388,491,6.7151,-1.9903,-54.7045,-17.92,280.62,116.52,20.5249,2.2264,22.0,106.88,15.92,-13.8098,999.0,0.55,0.0,0.0,0.55,manual,0,fixed
16.2636,492,6.771,1.118,125.8169,-18.07,280.93,116.52,20.5248,2.2038,22.0,107.52,15.88,-13.7538,999.0,0.6,0.0,0.0,0.6,manual,0,fixed
16.3059,493,6.7184,-1.0531,-51.2358,-18.22,281.23,116.52,20.5248,2.1841,22.0,108.15,16.1,-13.8065,999.0,0.65,0.0,0.0,0.65,manual,0,fixed
16.3305,494,6.8286,2.2055,132.6008,-18.37,281.53,116.52,20.5249,2.1673,22.0,108.79,15.93,-13.6962,999.0,0.7,0.0,0.0,0.7,manual,0,fixed
16.3716,495,6.8361,0.1485,-50.0134,-18.52,281.84,116.52,20.5249,2.1549,22.0,109.42,16.01,-13.6888,999.0,0.75,0.0,0.0,0.75,manual,0,fixed
16.3966,496,7.0095,3.4682,132.8157,-18.68,282.15,116.52,20.5249,2.1461,22.0,110.04,15.7,-13.5155,999.0,0.8,0.0,0.0,0.8,manual,0,fixed
16.4379,497,7.0833,1.4757,-48.3001,-18.83,282.46,116.52,20.525,2.1406,22.0,110.66,15.62,-13.4417,999.0,0.85,0.0,0.0,0.85,manual,0,fixed
16.4626,498,7.3198,4.7307,131.9109,-19.0,282.79,116.52,20.5249,2.2223,22.0,111.27,15.2,-13.2051,999.0,0.9,0.0,0.0,0.9,manual,0,fixed
16.5032,499,7.4626,2.8561,-46.0781,-19.16,283.12,116.52,20.5249,2.2029,22.0,111.87,14.99,-13.0623,999.0,0.95,0.0,0.0,0.95,manual,0,fixed
16.5285,500,7.7623,5.9947,124.1125,-19.33,283.46,116.52,20.5248,2.1846,22.0,112.46,14.49,-12.7625,999.0,1.0,0.0,0.0,1.0,manual,0,fixed
16.5672,501,7.9782,4.3169,-43.3697,-19.51,283.81,116.52,20.5247,2.1697,21.98,113.04,14.17,-12.5465,999.0,1.0,0.0,0.0,1.0,manual,0,fixed
16.5945,502,8.337,7.177,104.6342,-19.69,284.18,116.52,20.524,-2.1575,21.96,113.6,13.63,-12.187,999.0,1.0,0.0,0.0,1.0,manual,0,fixed
16.6331,503,8.609,5.4387,-45.1273,-19.88,284.56,116.52,20.5227,-2.1474,21.94,114.14,13.26,-11.9137,999.0,1.0,0.0,0.0,1.0,manual,0,fixed
16.6688,504,8.9931,7.6826,62.8169,-20.08,284.95,116.52,20.5204,-2.1411,21.92,114.67,12.75,-11.5273,999.0,1.0,0.0,0.0,1.0,manual,0,fixed
16.6935,505,9.2971,6.0808,-64.7398,-20.28,285.36,116.52,20.517,-2.2229,21.9,115.18,12.39,-11.2199,999.0,1.0,0.0,0.0,1.0,manual,0,fixed
16.735,506,9.6887,7.8317,42.2568,-20.5,285.79,116.52,20.5127,-2.2027,21.88,115.67,11.94,-10.824,999.0,1.0,0.0,0.0,1.0,manual,0,fixed
16.7595,507,10.0074,6.3742,-59.3203,-20.72,286.23,116.52,20.5074,-2.184,21.86,116.15,11.61,-10.5,999.0,1.0,0.0,0.0,1.0,manual,0,fixed
16.8008,508,10.3748,7.3465,23.5618,-20.94,286.69,116.52,20.5012,-2.1689,21.84,116.61,11.24,-10.1264,999.0,1.0,0.0,0.0,1.0,manual,0,fixed
16.8255,509,10.6906,6.3159,-41.6773,-21.18,287.16,116.52,20.494,-2.1554,21.82,117.05,10.95,-9.8035,999.0,1.0,0.0,0.0,1.0,manual,0,fixed
16.867,510,10.7463,1.1143,-125.4013,-21.42,287.65,116.52,20.486,-2.1457,21.8,117.47,10.93,-9.7397,999.0,1.0,0.0,0.0,1.0,manual,0,fixed
16.8905,511,10.8538,2.1515,44.0523,-21.66,288.13,116.52,20.477,-2.2236,21.78,117.9,10.86,-9.6231,999.0,1.0,0.0,0.0,1.0,manual,0,fixed
16.9319,512,10.9924,2.7717,14.9846,-21.9,288.61,116.52,20.4672,-2.1995,21.76,118.33,10.76,-9.4748,999.0,1.0,0.0,0.0,1.0,manual,0,fixed
16.9565,513,11.4462,9.0751,256.4153,-22.16,289.12,116.52,20.4568,-2.1801,21.74,118.73,10.37,-9.0106,999.0,1.0,0.0,0.0,1.0,manual,0,fixed
16.9979,514,11.8136,7.3483,-41.6963,-22.42,289.64,116.52,20.4457,-2.1632,21.72,119.11,10.08,-8.6321,999.0,1.0,0.0,0.0,1.0,manual,0,fixed
17.0225,515,12.1362,6.452,-36.4782,-22.68,290.18,116.52,20.434,-2.1494,21.7,119.48,9.84,-8.2978,999.0,1.0,0.0,0.0,1.0,manual,0,fixed
17.0635,516,12.4268,5.8128,-15.5998,-22.96,290.73,116.52,20.4218,-2.14,21.68,119.83,9.64,-7.9949,999.0,1.0,0.0,0.0,1.0,manual,0,fixed
17.0885,517,12.698,5.4239,-15.5169,-23.24,291.29,116.52,20.4091,-2.1323,21.66,120.17,9.46,-7.711,999.0,1.0,0.0,0.0,1.0,manual,0,fixed
17.1298,518,12.9563,5.1644,-6.2948,-23.53,291.87,116.52,20.3957,-2.212,21.64,120.49,9.3,-7.4395,999.0,1.0,0.0,0.0,1.0,manual,0,fixed
17.1545,519,13.2063,5.0002,-6.6264,-23.82,292.45,116.52,20.382,-2.1902,21.62,120.8,9.15,-7.1757,999.0,1.0,0.0,0.0,1.0,manual,0,fixed
17.1935,520,13.4509,4.8922,-2.774,-24.12,293.05,116.52,20.368,-2.1704,21.6,121.1,9.0,-6.9171,999.0,1.0,0.0,0.0,1.0,manual,0,fixed
17.2206,521,13.692,4.8219,-2.5961,-24.42,293.66,116.52,20.3536,-2.1536,21.58,121.38,8.87,-6.6616,999.0,1.0,0.0,0.0,1.0,manual,0,fixed
17.2599,522,13.9307,4.7751,-1.1901,-24.73,294.28,116.52,20.339,-2.1382,21.56,121.65,8.73,-6.4082,999.0,1.0,0.0,0.0,1.0,manual,0,fixed
17.2958,523,14.1679,4.7435,-0.8789,-25.05,294.91,116.52,20.3241,-2.1272,21.54,121.92,8.61,-6.1562,999.0,1.0,0.0,0.0,1.0,manual,0,fixed
17.3205,524,14.404,4.7216,-0.8849,-25.36,295.55,116.52,20.3089,-2.1186,21.52,122.16,8.48,-5.9049,999.0,1.0,0.0,0.0,1.0,manual,0,fixed
17.3535,525,14.6393,4.706,-0.473,-25.69,296.2,116.52,20.2934,-2.1985,21.5,122.4,8.36,-5.6541,999.0,1.0,0.0,0.0,1.0,manual,0,fixed
17.3949,526,14.874,4.6944,-0.2818,-26.02,296.86,116.52,20.2778,-2.176,21.48,122.63,8.24,-5.4037,999.0,1.0,0.0,0.0,1.0,manual,0,fixed
17.4195,527,15.0204,2.9275,-71.8,-26.35,297.53,116.52,20.262,-2.1552,21.46,122.84,8.18,-5.2416,999.0,1.0,0.0,0.0,1.0,manual,0,fixed
17.457,528,15.0427,0.4456,-66.205,-26.69,298.2,116.52,20.246,-2.1366,21.44,123.06,8.18,-5.2034,999.0,1.0,0.0,0.0,1.0,manual,0,fixed
17.4927,529,15.0149,-0.5557,-28.0315,-27.03,298.88,116.52,20.23,-2.121,21.42,123.27,8.21,-5.2151,999.0,1.0,0.0,0.0,1.0,manual,0,fixed
17.5186,530,15.3373,6.4482,270.9798,-27.37,299.56,116.52,20.2138,-2.1087,21.4,123.47,8.05,-4.8765,999.0,1.0,0.0,0.0,1.0,manual,0,fixed
17.5598,531,15.5854,4.9619,-36.0297,-27.71,300.25,116.52,20.1974,-2.1847,21.38,123.67,7.93,-4.612,999.0,1.0,0.0,0.0,1.0,manual,0,fixed
17.5846,532,15.8061,4.4148,-22.0883,-28.06,300.95,116.52,20.181,-2.1579,21.36,123.84,7.84,-4.3748,999.0,1.0,0.0,0.0,1.0,manual,0,fixed
17.626,533,16.009,4.058,-8.6168,-28.42,301.67,116.52,20.1645,-2.1357,21.34,124.01,7.75,-4.1554,999.0,1.0,0.0,0.0,1.0,manual,0,fixed
17.6505,534,16.2005,3.8304,-9.2799,-28.78,302.39,116.52,20.1479,-2.1157,21.32,124.17,7.66,-3.9473,999.0,1.0,0.0,0.0,1.0,manual,0,fixed
17.6918,535,16.3848,3.6845,-3.5341,-29.14,303.12,116.52,20.1313,-2.0997,21.3,124.33,7.59,-3.7465,999.0,1.0,0.0,0.0,1.0,manual,0,fixed
17.7225,536,16.5643,3.5906,-3.0519,-29.51,303.85,116.52,20.1146,-2.0878,21.28,124.47,7.51,-3.5503,999.0,1.0,0.0,0.0,1.0,manual,0,fixed
17.7552,537,16.7408,3.5299,-1.8603,-29.88,304.6,116.52,20.0979,-2.0792,21.26,124.6,7.44,-3.3571,999.0,1.0,0.0,0.0,1.0,manual,0,fixed
17.7826,538,16.9153,3.49,-1.455,-30.26,305.35,116.52,20.081,-2.1574,21.24,124.73,7.37,-3.1657,999.0,1.0,0.0,0.0,1.0,manual,0,fixed
17.8155,539,17.0885,3.4636,-0.802,-30.64,306.12,116.52,20.0641,-2.1346,21.22,124.85,7.31,-2.9756,999.0,1.0,0.0,0.0,1.0,manual,0,fixed
17.8485,540,17.2608,3.4457,-0.5435,-31.02,306.88,116.52,20.0472,-2.1136,21.2,124.96,7.24,-2.7864,999.0,1.0,0.0,0.0,1.0,manual,0,fixed
17.8889,541,17.4324,3.4331,-0.3109,-31.41,307.66,116.52,20.0302,-2.0947,21.18,125.07,7.17,-2.5978,999.0,1.0,0.0,0.0,1.0,manual,0,fixed
17.9135,542,17.6036,3.424,-0.3695,-31.8,308.45,116.52,20.0133,-2.0792,21.16,125.16,7.11,-2.4097,999.0,1.0,0.0,0.0,1.0,manual,0,fixed
17.9521,543,17.7745,3.4172,-0.1782,-32.2,309.24,116.52,19.9964,-2.0658,21.14,125.25,7.05,-2.2219,999.0,1.0,0.0,0.0,1.0,manual,0,fixed
17.9877,544,17.9451,3.4116,-0.1552,-32.6,310.04,116.52,19.9794,-2.0576,21.12,125.33,6.98,-2.0343,999.0,1.0,0.0,0.0,1.0,manual,0,fixed
18.0125,545,18.1154,3.407,-0.1892,-33.0,310.84,116.52,19.9623,-2.1361,21.1,125.4,6.92,-1.8469,999.0,1.0,0.0,0.0,1.0,manual,0,fixed
18.0539,546,18.2856,3.403,-0.0964,-33.41,311.66,116.52,19.9452,-2.1122,21.08,125.47,6.86,-1.6596,999.0,1.0,0.0,0.0,1.0,manual,0,fixed
18.0785,547,18.4555,3.3991,-0.1551,-33.82,312.48,116.52,19.9281,-2.0908,21.06,125.53,6.8,-1.4726,999.0,1.0,0.0,0.0,1.0,manual,0,fixed
18.1199,548,18.6253,3.3957,-0.0837,-34.23,313.31,116.52,19.911,-2.072,21.04,125.58,6.74,-1.2857,999.0,1.0,0.0,0.0,1.0,manual,0,fixed
18.1551,549,18.7949,3.3923,-0.0959,-34.65,314.15,116.52,19.8939,-2.0561,21.02,125.63,6.68,-1.099,999.0,1.0,0.0,0.0,1.0,manual,0,fixed
18.1775,550,18.9644,3.389,-0.1456,-35.07,315.0,116.52,19.8769,-2.043,21.0,125.67,6.63,-0.9125,999.0,1.0,0.0,0.0,1.0,manual,0,fixed
18.2188,551,19.1337,3.3858,-0.079,-35.5,315.85,116.52,19.8598,-2.0343,20.98,125.7,6.57,-0.7261,999.0,1.0,0.0,0.0,1.0,manual,0,fixed
18.2435,552,19.3028,3.3826,-0.1268,-35.93,316.71,116.52,19.8426,-2.1138,20.96,125.73,6.51,-0.5398,999.0,1.0,0.0,0.0,1.0,manual,0,fixed
18.285,553,19.4718,3.3794,-0.0791,-36.36,317.58,116.52,19.8254,-2.0895,20.94,125.75,6.46,-0.3536,999.0,1.0,0.0,0.0,1.0,manual,0,fixed
18.3105,554,19.6406,3.3762,-0.1252,-36.8,318.45,116.52,19.8082,-2.0683,20.92,125.76,6.4,-0.1677,999.0,1.0,0.0,0.0,1.0,manual,0,fixed
18.352,555,19.8092,3.373,-0.0755,-37.24,319.34,116.52,19.7911,-2.0486,20.9,125.77,6.35,0.0181,999.0,1.0,0.0,0.02,1.0,manual,0,fixed
18.3765,556,19.9762,3.7299,14.5331,-37.68,320.23,116.61,19.774,-2.033,20.88,125.77,6.3,0.2022,621.89,1.0,0.0,0.03,1.0,manual,0,fixed
18.4096,557,20.142,4.0041,8.3014,-38.14,321.12,116.84,19.7569,-2.0195,20.86,125.76,6.24,0.3851,326.54,0.0,0.0,0.05,0.0,manual,0,fixed
18.4534,558,20.2917,4.796,18.0446,-38.6,322.02,117.29,19.7398,-2.0108,20.84,125.74,6.2,0.552,227.82,0.0,0.0,0.07,0.0,manual,0,fixed
18.4755,559,20.3762,5.4957,31.7198,-39.07,322.92,117.99,19.7225,-2.0898,20.82,125.72,6.17,0.6537,192.31,0.0,0.0,0.08,0.0,manual,0,fixed
18.5168,560,20.3759,6.093,14.4512,-39.56,323.82,118.95,19.7053,-2.0649,20.8,125.69,6.17,0.6706,187.44,0.0,0.0,0.1,0.0,manual,0,fixed
18.5415,561,20.3118,-7.8916,-567.1939,-40.06,324.7,120.18,19.6881,-2.0434,20.78,125.66,6.19,0.6237,201.48,0.0,0.0,0.12,0.0,manual,0,fixed
18.5829,562,20.2046,-9.6682,-42.9393,-40.57,325.58,121.68,19.671,-2.0241,20.76,125.63,6.22,0.5336,235.43,0.0,0.0,0.13,0.0,manual,0,fixed
18.6075,563,20.0712,-10.8299,-47.0733,-41.1,326.43,123.45,19.6538,-2.0083,20.74,125.6,6.26,0.4173,300.96,0.0,0.0,0.0,0.0,manual,0,fixed
18.6451,564,19.9676,-3.5928,192.5434,-41.64,327.27,125.04,19.6367,-1.9955,20.72,125.57,6.29,0.3309,379.49,0.0,0.0,0.0,0.0,manual,0,fixed
18.6735,565,19.858,-4.6152,-36.0235,-42.19,328.1,126.14,19.6196,-1.9877,20.7,125.54,6.32,0.2384,526.63,0.0,0.0,0.0,0.0,manual,0,fixed
18.715,566,19.7424,-5.3529,-17.7983,-42.75,328.92,126.91,19.6023,-2.0656,20.68,125.51,6.36,0.14,896.25,0.0,0.0,0.0,0.0,manual,0,fixed
18.7395,567,19.6251,-5.3182,1.4155,-43.31,329.73,127.44,19.5851,-2.0412,20.66,125.49,6.39,0.04,999.0,0.0,0.0,0.0,0.0,manual,0,fixed
18.7809,568,19.5085,-4.9052,9.9701,-43.88,330.52,127.81,19.568,-2.0202,20.64,125.47,6.43,-0.0595,999.0,0.0,0.0,0.0,0.0,manual,0,fixed
18.8128,569,19.3933,-4.3457,17.5367,-44.46,331.3,128.06,19.5508,-2.0004,20.62,125.45,6.47,-0.1575,999.0,0.0,0.0,0.02,0.0,manual,0,fixed
18.8385,570,19.276,-5.1393,-30.8529,-45.04,332.07,128.31,19.5337,-1.9835,20.6,125.43,6.51,-0.2577,999.0,0.0,0.0,0.03,0.0,manual,0,fixed
18.8773,571,19.1588,-5.0965,1.1041,-45.63,332.84,128.64,19.5166,-1.971,20.58,125.42,6.55,-0.3577,999.0,0.0,0.0,0.05,0.0,manual,0,fixed
18.9035,572,19.0384,-5.8931,-30.409,-46.22,333.58,129.13,19.4993,-2.0471,20.56,125.4,6.59,-0.4609,999.0,0.0,0.0,0.07,0.0,manual,0,fixed
18.945,573,18.9135,-6.8035,-21.9314,-46.82,334.32,129.84,19.4821,-2.0192,20.54,125.4,6.63,-0.5686,999.0,0.0,0.0,0.0,0.0,manual,0,fixed
18.9695,574,18.8046,-2.3096,183.6308,-47.42,335.05,130.48,19.465,-1.9958,20.52,125.39,6.67,-0.6604,999.0,0.0,0.0,0.0,0.0,manual,0,fixed
19.0109,575,18.6964,-2.6838,-9.0435,-48.02,335.76,130.9,19.4478,-1.9761,20.5,125.39,6.71,-0.7514,999.0,0.0,0.0,0.0,0.0,manual,0,fixed
19.0355,576,18.5885,-2.8224,-5.6333,-48.62,336.48,131.18,19.4307,-1.9602,20.48,125.4,6.75,-0.8422,999.0,0.0,0.0,0.0,0.0,manual,0,fixed
19.0769,577,18.4813,-2.7468,1.8274,-49.22,337.18,131.36,19.4136,-1.9472,20.46,125.41,6.79,-0.9323,999.0,0.0,0.0,0.0,0.0,manual,0,fixed
19.1016,578,18.3749,-2.5899,6.3457,-49.82,337.88,131.48,19.3965,-1.938,20.44,125.42,6.83,-1.0216,999.0,0.0,0.0,0.02,0.0,manual,0,fixed
19.1429,579,18.2672,-3.541,-23.0306,-50.43,338.57,131.64,19.3792,-2.0201,20.42,125.43,6.87,-1.112,999.0,0.0,0.0,0.0,0.0,manual,0,fixed
19.1675,580,18.1625,-2.2028,54.4274,-51.03,339.25,131.79,19.362,-1.9967,20.4,125.45,6.91,-1.1996,999.0,0.0,0.0,0.0,0.0,manual,0,fixed
19.2088,581,18.0585,-2.202,0.0193,-51.63,339.93,131.88,19.3449,-1.9744,20.38,125.48,6.95,-1.2864,999.0,0.0,0.0,0.0,0.0,manual,0,fixed
19.2335,582,17.9552,-2.1668,1.4243,-52.23,340.6,131.95,19.3278,-1.9551,20.36,125.51,6.99,-1.3725,999.0,0.0,0.0,0.0,0.0,manual,0,fixed
19.2741,583,17.8525,-2.1233,1.0733,-52.82,341.27,131.99,19.3106,-1.9388,20.34,125.54,7.03,-1.4581,999.0,0.0,0.0,0.0,0.0,manual,0,fixed
19.3005,584,17.7505,-2.0847,1.4623,-53.41,341.93,132.01,19.2935,-1.925,20.32,125.58,7.07,-1.543,999.0,0.0,0.0,0.0,0.0,manual,0,fixed
19.3414,585,17.6491,-2.054,0.7493,-54.01,342.59,132.03,19.2764,-1.9168,20.3,125.63,7.12,-1.6273,999.0,0.0,0.0,0.0,0.0,manual,0,fixed
19.3666,586,17.5483,-2.0305,0.9362,-54.59,343.24,132.04,19.2593,-1.9121,20.28,125.68,7.16,-1.711,999.0,0.05,0.0,0.0,0.05,manual,0,fixed
19.3995,587,17.4503,-1.968,1.8947,-55.18,343.89,132.04,19.2421,-1.9956,20.26,125.73,7.21,-1.7918,999.0,0.1,0.0,0.0,0.1,manual,0,fixed
19.4399,588,17.3582,-1.8465,3.0098,-55.76,344.54,132.05,19.2249,-1.972,20.24,125.79,7.25,-1.8667,999.0,0.15,0.0,0.0,0.15,manual,0,fixed
19.4656,589,17.274,-1.6858,6.2645,-56.34,345.18,132.05,19.2078,-1.9515,20.22,125.85,7.29,-1.9338,999.0,0.2,0.0,0.0,0.2,manual,0,fixed
19.5083,590,17.199,-1.5013,4.315,-56.92,345.82,132.05,19.1907,-1.932,20.2,125.92,7.32,-1.9916,999.0,0.25,0.0,0.0,0.25,manual,0,fixed
19.5315,591,17.134,-1.3005,8.6555,-57.49,346.46,132.05,19.1735,-1.9156,20.18,125.99,7.35,-2.0395,999.0,0.3,0.0,0.0,0.3,manual,0,fixed
19.5738,592,17.0797,-1.0874,5.0424,-58.06,347.09,132.05,19.1565,-1.9031,20.16,126.06,7.38,-2.0768,999.0,0.35,0.0,0.0,0.35,manual,0,fixed
19.5976,593,17.0365,-0.8644,9.3636,-58.63,347.73,132.05,19.1394,-1.8939,20.14,126.14,7.4,-2.1029,999.0,0.4,0.0,0.0,0.4,manual,0,fixed
19.6383,594,17.0049,-0.6322,5.708,-59.2,348.36,132.06,19.1222,-1.975,20.12,126.22,7.42,-2.1173,999.0,0.45,0.0,0.0,0.45,manual,0,fixed
19.6635,595,16.9853,-0.3909,9.5645,-59.77,348.99,132.06,19.105,-1.9488,20.1,126.3,7.44,-2.1197,999.0,0.5,0.0,0.0,0.5,manual,0,fixed
19.704,596,16.9783,-0.1408,6.1739,-60.34,349.62,132.06,19.0879,-1.9269,20.08,126.38,7.44,-2.1096,999.0,0.55,0.0,0.0,0.55,manual,0,fixed
19.7295,597,16.9842,0.1187,10.1743,-60.91,350.25,132.06,19.0708,-1.9067,20.06,126.46,7.45,-2.0865,999.0,0.6,0.0,0.0,0.6,manual,0,fixed
19.7659,598,17.0036,0.3878,7.4051,-61.48,350.88,132.06,19.0537,-1.8908,20.04,126.54,7.44,-2.0501,999.0,0.65,0.0,0.0,0.65,manual,0,fixed
19.805,599,17.037,0.6679,7.1534,-62.05,351.51,132.06,19.0366,-1.8781,20.02,126.62,7.43,-1.9996,999.0,0.7,0.0,0.0,0.7,manual,0,fixed
19.8286,600,17.085,0.96,12.4068,-62.62,352.15,132.06,19.0195,-1.8691,20.0,126.7,7.42,-1.9345,999.0,0.75,0.0,0.0,0.75,manual,0,fixed
19.87,601,17.1479,1.2587,7.2062,-63.19,352.78,132.06,19.0025,-1.95,20.0,126.78,7.39,-1.8546,999.0,0.8,0.0,0.0,0.8,manual,0,fixed
19.8935,602,17.2255,1.5519,12.4601,-63.77,353.42,132.06,18.986,-1.9226,20.0,126.85,7.36,-1.7605,999.0,0.85,0.0,0.0,0.85,manual,0,fixed
19.9348,603,17.3177,1.8423,7.0382,-64.35,354.06,132.06,18.9703,-1.8977,20.0,126.93,7.33,-1.6527,999.0,0.9,0.0,0.0,0.9,manual,0,fixed
19.9595,604,17.4243,2.1334,11.7761,-64.93,354.71,132.06,18.9555,-1.8754,20.0,126.99,7.29,-1.5312,999.0,0.95,0.0,0.0,0.95,manual,0,fixed
19.9995,605,17.5457,2.427,7.3514,-65.52,355.36,132.06,18.9416,-1.8571,20.0,127.06,7.24,-1.396,999.0,1.0,0.0,0.0,1.0,manual,0,fixed
20.0256,606,17.6819,2.7247,11.4,-66.11,356.01,132.06,18.9287,-1.8427,20.0,127.11,7.19,-1.2468,999.0,1.0,0.0,0.0,1.0,manual,0,fixed
20.0668,607,17.8305,2.9714,5.988,-66.7,356.67,132.06,18.9168,-1.8335,20.0,127.17,7.13,-1.0863,999.0,1.0,0.0,0.0,1.0,manual,0,fixed
20.0915,608,17.9868,3.1269,6.2879,-67.3,357.34,132.06,18.9057,-1.9137,20.0,127.21,7.07,-0.9188,999.0,1.0,0.0,0.0,1.0,manual,0,fixed
20.1331,609,18.1481,3.2249,2.3558,-67.91,358.01,132.06,18.8955,-1.8872,20.0,127.26,7.01,-0.7474,999.0,0.0,0.0,0.0,0.0,manual,0,fixed
20.1575,610,18.3006,3.0504,-7.1348,-68.52,358.69,132.06,18.8862,-1.8636,20.0,127.29,6.96,-0.5856,999.0,0.0,0.0,0.0,0.0,manual,0,fixed
20.1905,611,18.3965,1.9183,-34.3645,-69.13,359.37,132.06,18.8777,-1.8438,20.0,127.32,6.92,-0.4812,999.0,0.0,0.0,0.0,0.0,manual,0,fixed
20.2311,612,18.4142,0.3545,-38.5044,-69.75,360.05,132.06,18.8701,-1.8213,20.0,127.35,6.92,-0.4558,999.0,0.0,0.0,0.0,0.0,manual,0,fixed
20.2565,613,18.3807,-0.6705,-40.2961,-70.37,360.73,132.06,18.8632,-1.7443,20.0,127.39,6.93,-0.4825,999.0,0.0,0.0,0.0,0.0,manual,0,fixed
20.2971,614,18.3176,-1.2614,-14.5819,-70.98,361.42,132.06,18.8571,-1.6254,20.0,127.43,6.96,-0.5394,999.0,0.0,0.0,0.02,0.0,manual,0,fixed
20.3236,615,18.2364,-2.3132,-39.6873,-71.6,362.09,132.14,18.8516,-1.5289,20.0,127.47,6.99,-0.6153,999.0,0.0,0.0,0.03,0.0,manual,0,fixed
20.3565,616,18.1443,-2.8547,-16.4261,-72.21,362.76,132.37,18.8469,-1.3486,20.0,127.52,7.03,-0.7025,999.0,0.0,0.0,0.05,0.0,manual,0,fixed
20.3937,617,18.0433,-4.1264,-34.2534,-72.82,363.43,132.8,18.8427,-1.1712,20.0,127.57,7.07,-0.7995,999.0,0.0,0.0,0.0,0.0,manual,0,fixed
20.4225,618,17.9447,-2.038,72.3677,-73.44,364.08,133.19,18.8391,-1.0071,20.0,127.63,7.11,-0.8943,999.0,0.0,0.0,0.0,0.0,manual,0,fixed
20.4555,619,17.8451,-2.0227,0.4628,-74.05,364.74,133.44,18.8359,-0.8603,20.0,127.7,7.16,-0.9908,999.0,0.0,0.0,0.0,0.0,manual,0,fixed
20.4885,620,17.7447,-2.1135,-2.7506,-74.65,365.39,133.6,18.833,-0.7331,20.0,127.77,7.2,-1.0883,999.0,0.0,0.0,0.0,0.0,manual,0,fixed
20.5297,621,17.6442,-2.1326,-0.464,-75.26,366.03,133.7,18.8305,-0.6272,20.0,127.85,7.25,-1.1863,999.0,0.0,0.0,0.02,0.0,manual,0,fixed
20.5628,622,17.5422,-3.0501,-27.774,-75.87,366.67,133.84,18.8283,-0.5378,20.0,127.93,7.29,-1.2861,999.0,0.0,0.0,0.03,0.0,manual,0,fixed
20.5876,623,17.4395,-3.3738,-13.0565,-76.47,367.3,134.11,18.8263,-0.4626,20.0,128.02,7.34,-1.3868,999.0,0.0,0.0,0.05,0.0,manual,0,fixed
20.6288,624,17.3335,-4.4787,-26.7646,-77.08,367.92,134.56,18.8246,-0.3996,20.0,128.12,7.39,-1.4911,999.0,0.0,0.0,0.0,0.0,manual,0,fixed
20.6535,625,17.2343,-2.0035,100.4192,-77.69,368.53,134.95,18.823,-0.3421,20.0,128.22,7.44,-1.5887,999.0,0.0,0.0,0.0,0.0,manual,0,fixed
20.691,626,17.136,-2.0316,-0.7486,-78.29,369.14,135.2,18.8216,-0.2935,20.0,128.33,7.49,-1.6856,999.0,0.0,0.0,0.0,0.0,manual,0,fixed
20.7195,627,17.038,-2.0993,-2.3772,-78.9,369.75,135.36,18.8203,-0.2497,20.0,128.44,7.54,-1.7823,999.0,0.0,0.0,0.0,0.0,manual,0,fixed
20.7625,628,16.9406,-2.0889,0.2409,-79.5,370.35,135.45,18.8192,-0.2095,20.0,128.56,7.59,-1.8786,999.0,0.0,0.0,0.0,0.0,manual,0,fixed
20.7856,629,16.8438,-2.0434,1.9695,-80.1,370.94,135.51,18.8182,-0.1757,20.0,128.69,7.64,-1.9744,999.0,0.0,0.0,0.02,0.0,manual,0,fixed
20.8263,630,16.746,-2.9028,-21.0793,-80.69,371.53,135.63,18.8173,-0.1459,20.0,128.83,7.69,-2.0713,999.0,0.0,0.0,0.03,0.0,manual,0,fixed
20.8515,631,16.6479,-3.1927,-11.4987,-81.29,372.11,135.88,18.8165,-0.1196,20.0,128.97,7.75,-2.1687,999.0,0.0,0.0,0.05,0.0,manual,0,fixed
20.8919,632,16.5466,-4.2772,-26.8926,-81.89,372.68,136.31,18.8158,-0.0985,20.0,129.11,7.8,-2.2692,999.0,0.0,0.0,0.07,0.0,manual,0,fixed
20.9165,633,16.4414,-5.3768,-44.6247,-82.49,373.25,136.97,18.8152,-0.0815,20.0,129.26,7.86,-2.3738,999.0,0.0,0.0,0.08,0.0,manual,0,fixed
20.9495,634,16.3349,-5.8725,-15.028,-83.1,373.8,137.86,18.8146,-0.0686,20.0,129.41,7.92,-2.4797,999.0,0.0,0.0,0.1,0.0,manual,0,fixed
20.9898,635,16.2218,-7.2201,-33.4693,-83.71,374.33,138.98,18.8141,-0.057,20.0,129.56,7.99,-2.5923,999.0,0.0,0.0,0.12,0.0,manual,0,fixed
21.0254,636,16.101,-8.5118,-36.218,-84.33,374.85,140.36,18.8136,-0.0474,20.0,129.72,8.06,-2.7126,999.0,0.0,0.0,0.13,0.0,manual,0,fixed
21.0571,637,15.977,-9.1851,-21.2788,-84.95,375.35,141.96,18.8132,-0.0404,20.0,129.87,8.13,-2.8362,999.0,0.0,0.0,0.15,0.0,manual,0,fixed
21.0815,638,15.8424,-10.5585,-56.2247,-85.59,375.83,143.79,18.8128,-0.0334,20.0,130.03,8.21,-2.9704,999.0,0.0,0.0,0.17,0.0,manual,0,fixed
21.1146,639,15.6965,-11.823,-38.2396,-86.23,376.29,145.86,18.8125,-0.0287,20.0,130.18,8.29,-3.116,999.0,0.0,0.0,0.18,0.0,manual,0,fixed
21.1476,640,15.5453,-12.5009,-20.544,-86.88,376.71,148.15,18.8122,-0.023,20.0,130.34,8.38,-3.2668,999.0,0.0,0.0,0.2,0.0,manual,0,fixed
21.1806,641,15.3805,-13.7448,-37.6873,-87.55,377.11,150.64,18.8119,-0.0196,20.0,130.5,8.48,-3.4314,999.0,0.0,0.0,0.21,0.0,manual,0,fixed
21.2136,642,15.2092,-14.396,-19.7387,-88.22,377.48,153.33,18.8116,-0.0166,20.0,130.66,8.59,-3.6025,999.0,0.0,0.0,0.23,0.0,manual,0,fixed
21.2574,643,15.0227,-15.5233,-25.703,-88.9,377.8,156.21,18.8114,-0.0139,20.0,130.82,8.71,-3.7888,999.0,0.0,0.0,0.25,0.0,manual,0,fixed
21.2796,644,14.821,-16.5264,-45.2957,-89.58,378.1,159.28,18.8112,-0.0107,20.0,130.99,8.84,-3.9902,999.0,0.0,0.0,0.26,0.0,manual,0,fixed
21.3136,645,14.6128,-17.0376,-15.0331,-90.27,378.35,162.52,18.811,-0.0082,20.0,131.16,8.98,-4.1982,999.0,0.0,0.0,0.28,0.0,manual,0,fixed
21.3549,646,14.3889,-17.9448,-21.9729,-90.96,378.56,165.94,18.8109,-0.0067,20.0,131.34,9.13,-4.422,999.0,0.0,0.0,0.3,0.0,manual,0,fixed
21.3795,647,14.1495,-18.7421,-32.2966,-91.66,378.72,169.53,18.8107,-0.0057,20.0,131.54,9.3,-4.6612,999.0,0.0,0.0,0.31,0.0,manual,0,fixed
21.421,648,13.9045,-19.1157,-9.0133,-92.35,378.84,173.27,18.8106,-0.0059,20.0,131.75,9.48,-4.9061,999.0,0.0,0.0,0.33,0.0,manual,0,fixed
21.4455,649,13.6445,-19.8051,-28.0913,-93.03,378.91,177.16,18.8105,-0.0054,20.0,131.98,9.67,-5.1659,999.0,0.0,0.0,0.35,0.0,manual,0,fixed
21.487,650,13.3706,-20.3945,-14.2212,-93.7,378.93,-178.81,18.8104,-0.0051,20.0,132.24,9.89,-5.4397,999.0,0.0,0.0,0.0,0.0,manual,0,fixed
21.5115,651,13.2413,-11.9392,344.6432,-94.37,378.92,-174.99,18.8103,-0.0047,20.0,132.51,10.01,-5.5689,999.0,0.0,0.0,0.0,0.0,manual,0,fixed
21.5529,652,13.2484,2.682,353.6102,-95.03,378.88,-172.3,18.8102,-0.0046,20.0,132.79,10.02,-5.5618,999.0,0.0,0.0,0.0,0.0,manual,0,fixed
21.5775,653,13.2063,-5.7357,-341.7806,-95.69,378.82,-170.65,18.8101,-0.0048,20.0,133.07,10.08,-5.6038,999.0,0.0,0.0,0.0,0.0,manual,0,fixed
21.6188,654,12.9689,-7.4796,-42.1867,-96.34,378.75,-169.62,18.81,-0.0045,20.0,133.38,10.28,-5.8411,999.0,0.0,0.0,0.0,0.0,manual,0,fixed
21.6435,655,12.7099,-7.3563,4.996,-96.97,378.66,-168.99,18.81,-0.0026,20.0,133.7,10.52,-6.1001,999.0,0.0,0.0,0.0,0.0,manual,0,fixed
21.6765,656,12.5303,-5.5089,55.9953,-97.59,378.56,-168.63,18.8099,-0.0012,20.0,134.03,10.7,-6.2796,999.0,0.0,0.0,0.0,0.0,manual,0,fixed
21.72,657,12.3488,-4.7244,18.0433,-98.21,378.45,-168.41,18.8098,-0.0021,20.0,134.38,10.88,-6.4611,999.0,0.0,0.0,0.0,0.0,manual,0,fixed
21.7429,658,12.2095,-3.4571,55.2747,-98.81,378.34,-168.3,18.8098,-0.0031,20.0,134.73,11.04,-6.6003,999.0,0.0,0.0,-0.02,0.0,manual,0,fixed
21.7755,659,12.0578,-3.0385,12.8267,-99.4,378.22,-168.31,18.8098,-0.003,20.0,135.1,11.2,-6.752,999.0,0.0,0.0,-0.03,0.0,manual,0,fixed
21.8085,660,11.9409,-2.5429,15.0283,-99.99,378.11,-168.48,18.8097,-0.001,20.0,135.47,11.35,-6.8688,999.0,0.0,0.0,-0.05,0.0,manual,0,fixed
21.8482,661,11.7841,-3.8741,-33.5737,-100.57,378.0,-168.82,18.8097,-0.0015,20.0,135.84,11.53,-7.0256,999.0,0.0,0.0,-0.07,0.0,manual,0,fixed
21.8735,662,11.6758,-4.1383,-10.4156,-101.15,377.9,-169.37,18.8097,-0.0026,20.0,136.22,11.67,-7.1339,999.0,0.0,0.0,-0.08,0.0,manual,0,fixed
21.915,663,11.5175,-4.8202,-16.4544,-101.72,377.8,-170.11,18.8096,-0.0029,20.0,136.6,11.86,-7.2921,999.0,0.0,0.0,-0.1,0.0,manual,0,fixed
21.9395,664,11.4086,-5.4224,-24.4979,-102.29,377.72,-171.04,18.8096,-0.001,20.0,136.99,12.01,-7.401,999.0,0.0,0.0,-0.12,0.0,manual,0,fixed
21.9807,665,11.245,-6.4778,-25.6302,-102.85,377.65,-172.17,18.8096,-0.0011,20.0,137.37,12.22,-7.5645,999.0,0.0,0.0,-0.13,0.0,manual,0,fixed
22.0055,666,11.1343,-6.5093,-1.2695,-103.41,377.59,-173.49,18.8096,-0.0024,20.0,137.76,12.37,-7.6752,999.0,0.0,0.0,-0.15,0.0,manual,0,fixed
22.046,667,10.967,-7.493,-24.3126,-103.95,377.55,-174.97,18.8095,-0.0037,20.0,138.15,12.6,-7.8425,999.0,0.0,0.0,-0.17,0.0,manual,0,fixed
22.0715,668,10.8477,-8.2482,-29.5236,-104.5,377.53,-176.66,18.8095,-0.001,20.0,138.54,12.77,-7.9618,999.0,0.0,0.0,-0.18,0.0,manual,0,fixed
22.1091,669,10.6777,-8.3009,-1.4042,-105.04,377.52,-178.49,18.8095,-0.001,20.0,138.93,13.01,-8.1318,999.0,0.0,0.0,-0.2,0.0,manual,0,fixed
22.1451,670,10.5559,-9.1952,-24.8313,-105.56,377.54,179.5,18.8095,-0.0022,20.0,139.33,13.2,-8.2536,999.0,0.0,0.0,-0.21,0.0,manual,0,fixed
22.1705,671,10.3812,-9.1345,2.3805,-106.08,377.57,177.36,18.8095,-0.0031,20.0,139.72,13.46,-8.4283,999.0,0.0,0.0,-0.23,0.0,manual,0,fixed
22.2119,672,10.2564,-10.0663,-22.5114,-106.6,377.62,175.08,18.8095,-0.0015,20.0,140.13,13.66,-8.5531,999.0,0.0,0.0,-0.25,0.0,manual,0,fixed
22.2366,673,10.0715,-10.3559,-11.7393,-107.1,377.7,172.64,18.8095,-0.0005,20.0,140.53,13.95,-8.738,999.0,0.0,0.0,-0.26,0.0,manual,0,fixed
22.2696,674,9.9455,-10.6633,-9.3192,-107.58,377.8,170.07,18.8094,-0.002,20.0,140.95,14.17,-8.8639,999.0,0.0,0.0,-0.28,0.0,manual,0,fixed
22.3096,675,9.7561,-10.8529,-4.7443,-108.06,377.92,167.38,18.8094,-0.0028,20.0,141.37,14.49,-9.0533,999.0,0.0,0.0,-0.3,0.0,manual,0,fixed
22.3366,676,9.6216,-11.7492,-33.1937,-108.52,378.06,164.54,18.8094,-0.0022,20.0,141.8,14.74,-9.1878,999.0,0.0,0.0,-0.31,0.0,manual,0,fixed
22.3809,677,9.4302,-11.1259,14.0684,-108.96,378.23,161.6,18.8094,-0.0002,20.0,142.24,15.08,-9.3792,999.0,0.0,0.0,-0.33,0.0,manual,0,fixed
22.4026,678,9.2971,-12.1392,-46.5993,-109.39,378.41,158.53,18.8094,-0.002,20.0,142.69,15.35,-9.5123,999.0,0.0,0.0,-0.35,0.0,manual,0,fixed
22.444,679,9.0958,-11.8407,7.2047,-109.8,378.62,155.36,18.8094,-0.003,20.0,143.16,15.74,-9.7136,999.0,0.0,0.0,-0.36,0.0,manual,0,fixed
22.4754,680,9.062,-12.2137,-11.8898,-110.18,378.85,152.07,18.8094,-0.0027,20.0,143.64,15.85,-9.7474,999.0,0.0,0.0,-0.38,0.0,manual,0,fixed
22.5098,681,8.9412,-11.6232,17.1788,-110.55,379.1,148.69,18.8094,-0.0002,20.0,144.13,16.12,-9.8682,999.0,0.0,0.0,-0.4,0.0,manual,0,fixed
22.5346,682,8.5424,-15.1063,-140.5603,-110.9,379.37,145.24,18.8094,-0.0016,20.0,144.65,16.93,-10.267,999.0,0.0,0.0,-0.41,0.0,manual,0,fixed
22.5759,683,8.1001,-14.3589,18.0931,-111.2,379.64,141.8,18.8094,-0.0023,20.0,145.2,17.93,-10.7093,999.0,0.0,0.0,-0.43,0.0,manual,0,fixed
22.6091,684,7.8239,-13.4312,27.9527,-111.47,379.92,138.31,18.8094,-0.0026,20.0,145.79,18.63,-10.9855,999.0,0.0,0.0,-0.45,0.0,manual,0,fixed
22.6335,685,7.4915,-12.332,44.9357,-111.72,380.21,134.82,18.8094,0.0005,20.0,146.4,19.54,-11.3179,999.0,0.0,0.0,-0.46,0.0,manual,0,fixed
22.6725,686,7.2917,-12.0935,6.127,-111.93,380.5,131.27,18.8094,-0.0011,20.0,147.04,20.17,-11.5177,999.0,0.0,0.0,-0.48,0.0,manual,0,fixed
22.6996,687,7.0009,-11.1476,34.8667,-112.12,380.8,127.73,18.8094,-0.0028,20.0,147.71,21.1,-11.8085,999.0,0.0,0.0,0.0,0.0,manual,0,fixed
22.7409,688,6.9259,-3.4085,187.3785,-112.29,381.1,124.45,18.8094,-0.0021,20.0,148.39,21.43,-11.8835,999.0,0.0,0.0,0.0,0.0,manual,0,fixed
22.7655,689,6.6994,-7.2744,-156.9231,-112.46,381.39,122.16,18.8094,-0.0003,20.0,149.09,22.25,-12.11,999.0,0.0,0.0,0.0,0.0,manual,0,fixed
22.807,690,6.6001,-4.7961,59.7837,-112.63,381.68,120.95,18.8094,0.0014,20.0,149.78,22.69,-12.2093,999.0,0.0,0.0,0.0,0.0,manual,0,fixed
22.8315,691,6.3755,-4.6025,7.8934,-112.79,381.96,120.32,18.8094,0.0025,20.0,150.48,23.6,-12.4339,999.0,0.0,0.0,0.0,0.0,manual,0,fixed
22.8729,692,6.3064,-1.3938,77.592,-112.95,382.23,119.99,18.8094,0.0024,20.0,151.18,23.97,-12.503,999.0,0.05,0.0,0.0,0.05,manual,0,fixed
22.8965,693,6.0878,-4.3788,-126.2436,-113.11,382.5,119.83,18.8094,0.0004,20.0,151.89,24.95,-12.7216,999.0,0.1,0.0,0.0,0.1,manual,0,fixed
22.938,694,6.0321,-1.1395,78.0471,-113.26,382.76,119.74,18.8094,-0.0013,20.0,152.61,25.3,-12.7773,999.0,0.15,0.0,0.0,0.15,manual,0,fixed
22.9625,695,5.83,-4.047,-118.7109,-113.41,383.01,119.7,18.8094,-0.003,20.0,153.34,26.3,-12.9794,999.0,0.2,0.0,0.0,0.2,manual,0,fixed
23.0036,696,5.7951,-0.7112,81.2631,-113.55,383.27,119.67,18.8094,-0.0022,20.0,154.07,26.59,-13.0143,999.0,0.25,0.0,0.0,0.25,manual,0,fixed
23.0371,697,5.6128,-3.6466,-87.6168,-113.69,383.51,119.66,18.8094,-0.0005,20.0,154.8,27.58,-13.1966,999.0,0.3,0.0,0.0,0.3,manual,0,fixed
23.0615,698,5.6002,-0.2593,138.5963,-113.83,383.76,119.65,18.8094,0.0014,20.0,155.54,27.77,-13.2092,999.0,0.35,0.0,0.0,0.35,manual,0,fixed
23.1028,699,5.439,-3.2252,-71.7553,-113.97,383.99,119.65,18.8094,-0.0025,20.0,156.29,28.73,-13.3704,999.0,0.4,0.0,0.0,0.4,manual,0,fixed
23.1275,700,5.4517,0.2567,141.0643,-114.1,384.23,119.64,18.8094,-0.0024,20.0,157.03,28.8,-13.3577,999.0,0.45,0.0,0.0,0.45,manual,0,fixed
23.169,701,5.3164,-2.7067,-71.4461,-114.24,384.46,119.64,18.8094,0.0005,20.0,157.78,29.68,-13.493,999.0,0.5,0.0,0.0,0.5,manual,0,fixed
23.1988,702,5.3647,0.9652,123.1721,-114.37,384.7,119.64,18.8094,-0.0013,20.0,158.53,29.55,-13.4447,999.0,0.55,0.0,0.0,0.55,manual,0,fixed
23.2266,703,5.2665,-1.9634,-105.5646,-114.5,384.93,119.64,18.8094,-0.003,20.0,159.29,30.25,-13.5429,999.0,0.6,0.0,0.0,0.6,manual,0,fixed
23.2646,704,5.3613,1.8969,101.4849,-114.63,385.16,119.64,18.8094,-0.0022,20.0,160.04,29.85,-13.4481,999.0,0.65,0.0,0.0,0.65,manual,0,fixed
23.3018,705,5.3134,-0.9593,-76.7073,-114.76,385.39,119.64,18.8094,-0.0002,20.0,160.8,30.26,-13.496,999.0,0.7,0.0,0.0,0.7,manual,0,fixed
23.3265,706,5.4649,3.0299,161.5629,-114.9,385.63,119.64,18.8094,-0.0014,20.0,161.55,29.56,-13.3445,999.0,0.75,0.0,0.0,0.75,manual,0,fixed
23.3648,707,5.4807,0.3166,-70.8505,-115.03,385.86,119.64,18.8094,0.0025,20.0,162.3,29.61,-13.3287,999.0,0.8,0.0,0.0,0.8,manual,0,fixed
23.3926,708,5.6989,4.3641,145.8399,-115.17,386.11,119.64,18.8094,0.0024,20.0,163.05,28.61,-13.1105,999.0,0.85,0.0,0.0,0.85,manual,0,fixed
23.434,709,5.7901,1.823,-61.2688,-115.31,386.36,119.64,18.8094,0.0004,20.0,163.79,28.29,-13.0193,999.0,0.9,0.0,0.0,0.9,manual,0,fixed
23.4586,710,6.0884,5.9665,168.8864,-115.46,386.62,119.65,18.8094,-0.0013,20.0,164.53,27.02,-12.721,999.0,0.95,0.0,0.0,0.95,manual,0,fixed
23.4998,711,6.2848,3.9282,-49.4311,-115.61,386.89,119.65,18.8094,-0.003,20.0,165.26,26.3,-12.5246,999.0,1.0,0.0,0.0,1.0,manual,0,fixed
23.5246,712,6.6296,6.8964,119.8685,-115.77,387.17,119.65,18.8094,-0.0023,20.0,165.99,25.04,-12.1798,999.0,1.0,0.0,0.0,1.0,manual,0,fixed
23.5643,713,6.8661,4.7307,-54.5321,-115.94,387.46,119.66,18.8094,-0.0002,20.0,166.7,24.28,-11.9432,999.0,1.0,0.0,0.0,1.0,manual,0,fixed
23.5986,714,7.2556,7.7887,88.9996,-116.12,387.77,119.67,18.8094,0.0014,20.0,167.41,23.07,-11.5538,999.0,1.0,0.0,0.0,1.0,manual,0,fixed
23.6236,715,7.5162,5.2115,-103.3714,-116.3,388.09,119.68,18.8094,0.0025,20.0,168.11,22.37,-11.2932,999.0,1.0,0.0,0.02,1.0,manual,0,fixed
23.6632,716,7.9193,8.1585,74.4323,-116.49,388.43,119.74,18.8094,-0.0024,20.0,168.8,21.31,-10.8901,999.0,1.0,0.0,0.03,1.0,manual,0,fixed
23.6896,717,8.2002,5.774,-90.192,-116.7,388.78,119.9,18.8094,0.0005,20.0,169.47,20.67,-10.6092,999.0,0.0,0.0,0.05,0.0,manual,0,fixed
23.7309,718,8.5724,7.7803,48.5448,-116.91,389.14,120.21,18.8094,-0.0012,20.0,170.13,19.85,-10.237,999.0,0.0,0.0,0.07,0.0,manual,0,fixed
23.7556,719,8.713,3.9009,-157.6168,-117.14,389.51,120.69,18.8094,-0.003,20.0,170.79,19.6,-10.0963,999.0,0.0,0.0,0.08,0.0,manual,0,fixed
23.797,720,8.8065,3.4348,-11.2501,-117.37,389.88,121.31,18.8094,-0.0023,20.0,171.43,19.47,-10.0029,999.0,0.0,0.0,0.1,0.0,manual,0,fixed
23.8216,721,8.7237,-3.6773,-289.3706,-117.61,390.25,122.08,18.8094,-0.0003,20.0,172.08,19.73,-10.0857,999.0,0.0,0.0,0.12,0.0,manual,0,fixed
23.8545,722,8.677,-4.491,-24.6733,-117.86,390.6,123.02,18.8094,-0.0013,20.0,172.72,19.91,-10.1324,999.0,0.0,0.0,0.13,0.0,manual,0,fixed
23.8948,723,8.5015,-5.2106,-17.8619,-118.11,390.95,124.09,18.8094,-0.0024,20.0,173.35,20.39,-10.3079,999.0,0.0,0.0,0.15,0.0,manual,0,fixed
23.9195,724,8.3996,-5.5245,-12.715,-118.36,391.29,125.31,18.8094,-0.0027,20.0,173.99,20.71,-10.4098,999.0,0.0,0.0,0.17,0.0,manual,0,fixed
23.9588,725,8.1775,-6.6262,-28.0389,-118.62,391.61,126.66,18.8094,0.0006,20.0,174.63,21.35,-10.6319,999.0,0.0,0.0,0.18,0.0,manual,0,fixed
23.9855,726,8.0567,-6.0823,20.3498,-118.88,391.92,128.14,18.8094,-0.0011,20.0,175.26,21.75,-10.7526,999.0,0.0,0.0,0.2,0.0,manual,0,fixed
24.027,727,7.817,-7.0939,-24.4118,-119.14,392.22,129.72,18.8094,-0.0022,20.0,175.9,22.5,-10.9924,999.0,0.0,0.0,0.0,0.0,manual,0,fixed
24.0515,728,7.7085,-3.4886,147.0151,-119.4,392.5,131.02,18.8094,-0.0037,20.0,176.53,22.9,-11.1009,999.0,0.0,0.0,0.0,0.0,manual,0,fixed
24.0929,729,7.4805,-5.1003,-38.9105,-119.65,392.78,131.71,18.8094,-0.0008,20.0,177.18,23.69,-11.3289,999.0,0.0,0.0,0.0,0.0,manual,0,fixed
24.1246,730,7.3838,-2.0718,95.4373,-119.9,393.06,132.06,18.8094,0.001,20.0,177.84,24.08,-11.4256,999.0,0.0,0.0,0.0,0.0,manual,0,fixed
24.1588,731,7.1545,-4.5858,-73.6512,-120.14,393.33,132.24,18.8094,-0.0022,20.0,178.5,24.95,-11.6549,999.0,0.0,0.0,0.0,0.0,manual,0,fixed
24.1835,732,7.0657,-1.7797,113.4353,-120.38,393.59,132.33,18.8094,0.0031,20.0,179.17,25.36,-11.7436,999.0,0.0,0.0,0.0,0.0,manual,0,fixed
24.2243,733,6.8382,-4.554,-68.1097,-120.61,393.85,132.38,18.8094,0.0015,20.0,179.84,26.3,-11.9712,999.0,0.0,0.0,0.0,0.0,manual,0,fixed
24.2495,734,6.7575,-1.6178,116.2954,-120.84,394.1,132.41,18.8094,-0.0006,20.0,180.52,26.71,-12.0518,999.0,0.0,0.0,0.0,0.0,manual,0,fixed
24.2908,735,6.5327,-4.4986,-69.7091,-121.07,394.35,132.42,18.8094,-0.0019,20.0,181.21,27.74,-12.2767,999.0,0.0,0.0,0.0,0.0,manual,0,fixed
24.3242,736,6.4602,-1.4498,91.3224,-121.28,394.59,132.43,18.8094,-0.0028,20.0,181.9,28.16,-12.3491,999.0,0.0,0.0,0.0,0.0,manual,0,fixed
24.3578,737,6.2384,-4.4374,-88.8212,-121.5,394.82,132.43,18.8094,-0.0026,20.0,182.6,29.27,-12.571,999.0,0.0,0.0,0.0,0.0,manual,0,fixed
24.3825,738,6.1739,-1.2901,127.5342,-121.71,395.05,132.43,18.8094,-0.0001,20.0,183.3,29.69,-12.6355,999.0,0.0,0.0,0.0,0.0,manual,0,fixed
24.4155,739,5.9552,-4.3732,-93.4075,-121.91,395.27,132.44,18.8094,0.0015,20.0,184.01,30.9,-12.8541,999.0,0.0,0.0,0.0,0.0,manual,0,fixed
24.4579,740,5.9189,-0.7263,86.0378,-122.11,395.49,132.44,18.8094,0.0027,20.0,184.72,31.21,-12.8905,999.0,0.0,0.0,0.0,0.0,manual,0,fixed
24.4825,741,5.8392,-1.5939,-35.2852,-122.31,395.71,132.44,18.8094,-0.0112,20.0,185.44,31.76,-12.9702,999.0,0.0,0.0,0.0,0.0,manual,0,fixed
24.5236,742,5.9114,1.4437,73.8445,-122.51,395.92,132.44,18.8094,-0.0864,20.0,186.16,31.49,-12.898,999.0,0.0,0.0,0.0,0.0,manual,0,fixed
24.5485,743,5.1504,-15.2192,-670.1172,-122.69,396.12,132.44,18.8093,-0.2105,20.0,186.89,36.29,-13.6589,999.0,0.0,0.0,0.0,0.0,manual,0,fixed
24.59,744,4.8408,-6.1922,217.6532,-122.86,396.3,132.44,18.8093,-0.3643,20.0,187.64,38.76,-13.9684,999.0,0.0,0.0,0.0,0.0,manual,0,fixed
24.6145,745,4.3093,-10.6306,-181.011,-123.01,396.47,132.44,18.8091,-0.5306,20.0,188.41,43.72,-14.4998,999.0,0.0,0.0,0.0,0.0,manual,0,fixed
24.6556,746,4.0884,-4.4188,151.2317,-123.15,396.62,132.41,18.809,-0.6956,20.0,189.19,46.28,-14.7206,999.0,0.0,0.0,0.0,0.0,manual,0,fixed
24.6889,747,4.048,-0.8078,108.2131,-123.29,396.77,132.39,18.8087,-0.8531,20.0,189.98,46.93,-14.7607,999.0,0.0,0.0,0.0,0.0,manual,0,fixed
24.7135,748,3.7828,-5.3038,-183.1385,-123.42,396.92,132.38,18.8084,-0.9967,20.0,190.77,50.43,-15.0255,999.0,0.0,0.0,0.0,0.0,manual,0,fixed
24.7541,749,3.6871,-1.915,83.4236,-123.54,397.05,132.37,18.808,-1.1252,20.0,191.57,51.96,-15.1209,999.0,0.0,0.0,0.0,0.0,manual,0,fixed
24.7795,750,3.465,-4.4424,-99.469,-123.66,397.19,132.38,18.8075,-1.2386,20.0,192.37,55.52,-15.3426,999.0,0.0,0.0,0.0,0.0,manual,0,fixed
24.8195,751,3.4553,-0.1927,106.3002,-123.78,397.31,132.37,18.8071,-1.3378,20.0,193.18,55.91,-15.3517,999.0,0.0,0.0,0.0,0.0,manual,0,fixed
24.8534,752,3.2258,-4.5901,-129.8208,-123.89,397.44,132.38,18.8066,-1.4257,20.0,193.99,60.14,-15.5808,999.0,0.0,0.0,0.0,0.0,manual,0,fixed
24.8775,753,3.1924,-0.6693,162.4397,-124.0,397.55,132.38,18.8061,-1.5036,20.0,194.81,61.02,-15.6137,999.0,0.0,0.0,0.0,0.0,manual,0,fixed
24.9178,754,2.995,-3.9481,-81.4402,-124.1,397.67,132.38,18.8055,-1.572,20.0,195.63,65.32,-15.8106,999.0,0.0,0.0,0.0,0.0,manual,0,fixed
